name_he,se_cluster,se_rank,se_index,he_join_key,settlement_id
נווה מדבר,1.0,1.0,-2.86462268261514,נווה מדבר,
ערערה-בנגב,1.0,2.0,-2.45325323192476,ערערה בנגב,
תל שבע,1.0,3.0,-2.40986269433636,תל שבע,
אל קסום,1.0,5.0,-2.31658911394055,אל קסום,
כסיפה,1.0,4.0,-2.29965869963591,כסיפה,
שגב-שלום,1.0,8.0,-2.24171508440283,שגב שלום,
מודיעין עילית,1.0,6.0,-2.23495841269336,מודיעין עלית,73.0
חורה,1.0,7.0,-2.22020862332784,חורה,
לקיה,2.0,9.0,-1.99574811784224,לקיה,
ביתר עילית,2.0,10.0,-1.91954367084584,ביתר עלית,24.0
רהט,2.0,11.0,-1.84544793082865,רהט,
עמנואל,2.0,12.0,-1.73859499671203,עמנואל,113.0
רכסים,2.0,13.0,-1.70853874246549,רכסים,
בני ברק,2.0,14.0,-1.62747909879985,בני ברק,
בית שמש,2.0,18.0,-1.48493135632558,בית שמש,
כפר מנדא,2.0,16.0,-1.45297251582064,כפר מנדא,
אלעד,2.0,19.0,-1.45199767655184,אלעד,
ג'סר א-זרקא,2.0,15.0,-1.44755159362247,ג סר א זרקא,
עילוט,2.0,17.0,-1.40436782836245,עילוט,
צפת,2.0,23.0,-1.35090011679565,צפת,
אום אל-פחם,2.0,20.0,-1.26558136987645,אום אל פחם,
יבנאל,2.0,28.0,-1.23602910265812,יבנאל,
אל - בטוף,2.0,21.0,-1.22692578357707,אל בטוף,
ביר אל-מכסור,2.0,22.0,-1.20316526458395,ביר אל מכסור,
ירושלים,2.0,31.0,-1.19647773464424,ירושלים,
קריית יערים,2.0,26.0,-1.17420140253891,קריית יערים,
משהד,3.0,24.0,-1.12699252625568,משהד,
עין מאהל,3.0,25.0,-1.10285276637696,עין מאהל,
כפר כנא,3.0,32.0,-1.06350606362126,כפר כנא,
בועיינה-נוג'ידאת,3.0,34.0,-1.0625732984864,בועיינה נוג ידאת,
מעלה עירון,3.0,27.0,-1.05759281070729,מעלה עירון,
זרזיר,3.0,35.0,-1.04320032660218,זרזיר,
נחף,3.0,29.0,-1.01427778982551,נחף,
ריינה,3.0,39.0,-1.01321698634153,ריינה,
שעב,3.0,30.0,-1.00374991522549,שעב,
בענה,3.0,36.0,-0.986553209879586,בענה,
ע'ג'ר,3.0,40.0,-0.984989939634897,ע ג ר,
"בסמ""ה",3.0,33.0,-0.959354343601139,בסמ ה,
ג'לג'וליה,3.0,41.0,-0.946825029905484,ג לג וליה,
מצפה רמון,3.0,59.0,-0.922174759991749,מצפה רמון,
מסעדה,3.0,37.0,-0.918827784817727,מסעדה,
קריית ארבע,3.0,46.0,-0.904958834882648,קריית ארבע,
כעביה-טבאש-חג'אג'רה,3.0,44.0,-0.900669066121066,כעביה טבאש חג אג רה,
יפיע,3.0,47.0,-0.892689380207931,יפיע,
בסמת טבעון,3.0,48.0,-0.88466172758432,בסמת טבעון,
בוקעאתא,3.0,38.0,-0.884238230521226,בוקעאתא,
ערד,3.0,70.0,-0.875686453986326,ערד,
טובא-זנגרייה,3.0,43.0,-0.866599121124261,טובא זנגרייה,
עין קנייא,3.0,52.0,-0.817201059522878,עין קנייא,
ג'דיידה-מכר,3.0,50.0,-0.809201210611647,ג דיידה מכר,
טורעאן,3.0,54.0,-0.803302815468745,טורעאן,
כסרא-סמיע,3.0,65.0,-0.802430851843577,כסרא סמיע,
מגאר,3.0,56.0,-0.792888220115192,מגאר,
בוסתן אל -מרג',3.0,45.0,-0.779897561422483,בוסתן אל מרג,
טבריה,3.0,81.0,-0.77858470780807,טבריה,
טמרה,3.0,49.0,-0.773227408708961,טמרה,
אכסאל,3.0,42.0,-0.764449065158087,אכסאל,
נתיבות,3.0,69.0,-0.762074374473254,נתיבות,
פוריידיס,3.0,53.0,-0.760301801123199,פוריידיס,
כאבול,3.0,55.0,-0.747251334643089,כאבול,
לוד,3.0,82.0,-0.738284963348778,לוד,
קלנסווה,3.0,58.0,-0.731520056698698,קלנסווה,
אופקים,3.0,72.0,-0.729950890181144,אופקים,
עראבה,3.0,51.0,-0.728035616370649,עראבה,
שבלי - אום אל-גנם,3.0,60.0,-0.721861862800892,שבלי אום אל גנם,
שפרעם,3.0,64.0,-0.712105818570077,שפרעם,
אבו גוש,3.0,67.0,-0.711088131152997,אבו גוש,
נצרת,3.0,74.0,-0.704061597540428,נצרת,
ירכא,3.0,66.0,-0.695433792837767,ירכא,
מעלה אפרים,3.0,85.0,-0.69032138928518,מעלה אפרים,78.0
טייבה,3.0,63.0,-0.679551234395242,טייבה,
קריית מלאכי,3.0,79.0,-0.67101641898988,קריית מלאכי,
מג'ד אל-כרום,3.0,61.0,-0.668407410497829,מג ד אל כרום,
אעבלין,3.0,68.0,-0.666232625884589,אעבלין,
אבו סנאן,3.0,62.0,-0.654802355530496,אבו סנאן,
מג'דל שמס,3.0,57.0,-0.650575504132796,מג דל שמס,
ערערה,4.0,71.0,-0.605569696425823,ערערה,
ירוחם,4.0,87.0,-0.581698511687117,ירוחם,
כפר קאסם,4.0,73.0,-0.573980426544211,כפר קאסם,
בית אל,4.0,76.0,-0.563516491647934,בית אל,19.0
באקה אל-גרביה,4.0,75.0,-0.560439029995271,באקה אל גרביה,
קריית גת,4.0,92.0,-0.551985098455114,קריית גת,
דייר חנא,4.0,78.0,-0.533567695535289,דייר חנא,
חצור הגלילית,4.0,89.0,-0.518133364955538,חצור הגלילית,
דייר אל-אסד,4.0,80.0,-0.5172186264917,דייר אל אסד,
סח'נין,4.0,77.0,-0.511337300748412,סח נין,
בית ג'ן,4.0,93.0,-0.486945902621896,בית ג ן,
עכו,4.0,94.0,-0.466643684386373,עכו,
סאג'ור,4.0,83.0,-0.44931717079904,סאג ור,
זמר,4.0,90.0,-0.444758642069458,זמר,
דבורייה,4.0,86.0,-0.409279200501615,דבורייה,
יאנוח-ג'ת,4.0,95.0,-0.405411590264815,יאנוח ג ת,
מזרעה,4.0,88.0,-0.405378102640765,מזרעה,
כפר ברא,4.0,84.0,-0.403973966759521,כפר ברא,
רמלה,4.0,98.0,-0.39921379772397,רמלה,
מגדל העמק,4.0,99.0,-0.397523007116569,מגדל העמק,
בית שאן,4.0,102.0,-0.391525848127436,בית שאן,
דימונה,4.0,100.0,-0.387165506931132,דימונה,
גבעת זאב,4.0,107.0,-0.378307391283917,גבעת זאב,34.0
כאוכב אבו אל-היג'א,5.0,91.0,-0.350898047994298,כאוכב אבו אל היג א,
עפולה,5.0,104.0,-0.327192606081898,עפולה,
נוף הגליל,5.0,109.0,-0.298270772497077,נוף הגליל,
חורפיש,5.0,97.0,-0.288219952132669,חורפיש,
טירה,5.0,96.0,-0.274896250644097,טירה,
עספיא,5.0,101.0,-0.273844325357136,עספיא,
קריית ים,5.0,111.0,-0.246879037009905,קריית ים,
אשדוד,5.0,108.0,-0.245564439646911,אשדוד,
קצרין,5.0,110.0,-0.224344410019103,קצרין,
בת ים,5.0,112.0,-0.219492845662228,בת ים,
דאלית אל-כרמל,5.0,103.0,-0.202919743855874,דאלית אל כרמל,
חריש,5.0,129.0,-0.182033165303213,חריש,
קריית שמונה,5.0,115.0,-0.162916525132887,קריית שמונה,
ג'ולס,5.0,106.0,-0.162784599032135,ג ולס,
אשקלון,5.0,119.0,-0.134689456330788,אשקלון,
שדרות,5.0,113.0,-0.132346081241021,שדרות,
כפר קרע,5.0,105.0,-0.111752450209526,כפר קרע,
באר שבע,5.0,128.0,-0.111061644034676,באר שבע,
הגלבוע,5.0,116.0,-0.0981081648619077,הגלבוע,
מטה בנימין,5.0,125.0,-0.0807180235339433,מטה בנימין,
ראמה,5.0,114.0,-0.0689968238339717,ראמה,
מעלות-תרשיחא,5.0,124.0,-0.0573799263534073,מעלות תרשיחא,
נחל שורק,5.0,120.0,-0.0565400414682475,נחל שורק,
חבל אילות,5.0,131.0,-0.0554467253812583,חבל אילות,
שפיר,5.0,132.0,-0.054554409212045,שפיר,
פקיעין (בוקייעה),5.0,118.0,-0.0393890104814623,פקיעין בוקייעה,
כפר יאסיף,5.0,117.0,-0.0358305872492414,כפר יאסיף,
קריית עקרון,5.0,138.0,-0.0213281832613795,קריית עקרון,
"בני עי""ש",5.0,136.0,-0.0200238440314052,בני עי ש,
זבולון,5.0,135.0,-0.0143861802233418,זבולון,
עיילבון,5.0,123.0,-0.0111764494620134,עיילבון,
אור עקיבא,5.0,126.0,-0.00937863600593537,אור עקיבא,
קדומים,5.0,127.0,-0.00611907236279035,קדומים,123.0
מגדל,5.0,140.0,-0.00425125789444863,מגדל,
אור יהודה,5.0,137.0,0.00540046441061977,אור יהודה,
הר חברון,5.0,122.0,0.0124547790313806,הר חברון,
מרום הגליל,5.0,133.0,0.0160192484810836,מרום הגליל,
כרמיאל,5.0,141.0,0.0196535921530683,כרמיאל,
ג'ת,5.0,121.0,0.0370622126686846,ג ת,
חבל יבנה,6.0,130.0,0.0692677361923638,חבל יבנה,
נתניה,6.0,139.0,0.0844459044490599,נתניה,
קריית אתא,6.0,142.0,0.0896052990032351,קריית אתא,
טירת כרמל,6.0,134.0,0.108314056835817,טירת כרמל,
נהרייה,6.0,152.0,0.142933750605715,נהרייה,
גוש עציון,6.0,144.0,0.144279697979852,גוש עציון,
אילת,6.0,149.0,0.151388571478724,אילת,
קרני שומרון,6.0,147.0,0.164843167121389,קרני שומרון,128.0
ערבות הירדן,6.0,161.0,0.165060135807751,ערבות הירדן,
חדרה,6.0,150.0,0.184153504149755,חדרה,
שדות נגב,6.0,145.0,0.184724417482138,שדות נגב,
עמק לוד,6.0,146.0,0.185186921459888,עמק לוד,
שלומי,6.0,143.0,0.189673004515449,שלומי,
רמת נגב,6.0,158.0,0.205547695062263,רמת נגב,
גולן,6.0,148.0,0.207460188028709,גולן,
אריאל,6.0,151.0,0.22708756891988,אריאל,17.0
מרחבים,6.0,154.0,0.232420269320654,מרחבים,
מעלה אדומים,6.0,159.0,0.241054455327592,מעלה אדמים,77.0
שומרון,6.0,156.0,0.271920649652301,שומרון,
עמק המעיינות,6.0,155.0,0.304011265352971,עמק המעיינות,
כפר כמא,6.0,157.0,0.306933832042368,כפר כמא,
אשכול,6.0,160.0,0.309360787766713,אשכול,
קריית ביאליק,6.0,162.0,0.328159698878485,קריית ביאליק,
חולון,7.0,166.0,0.37123578034438,חולון,
פסוטה,7.0,153.0,0.390576799539716,פסוטה,
חיפה,7.0,165.0,0.390612174986643,חיפה,
אליכין,7.0,163.0,0.400345878525891,אליכין,
קריית מוצקין,7.0,167.0,0.40195960098803,קריית מוצקין,
מעלה יוסף,7.0,186.0,0.465849389588245,מעלה יוסף,
מגידו,7.0,169.0,0.466504072519644,מגידו,
עמק הירדן,7.0,164.0,0.474757820443429,עמק הירדן,
אזור,7.0,174.0,0.495604131540961,אזור,
יבנה,7.0,170.0,0.513738427359783,יבנה,
אפרת,7.0,171.0,0.514601509868647,אפרת,15.0
מטה אשר,7.0,173.0,0.52029816317265,מטה אשר,
לכיש,7.0,177.0,0.547525622373388,לכיש,
פתח תקווה,7.0,178.0,0.550041056798598,פתח תקווה,
ג'ש (גוש חלב),7.0,168.0,0.551588852836347,ג ש גוש חלב,
נשר,7.0,182.0,0.56436274202287,נשר,
בית דגן,7.0,175.0,0.571320041713935,בית דגן,
תמר,7.0,184.0,0.576073557894829,תמר,
מגילות ים המלח,7.0,187.0,0.576215162629972,מגילות ים המלח,
הגליל התחתון,7.0,172.0,0.593536856693167,הגליל התחתון,
רחובות,7.0,183.0,0.601450671177857,רחובות,
הגליל העליון,7.0,176.0,0.602380316990632,הגליל העליון,
משגב,7.0,179.0,0.61884249249168,משגב,
מנשה,7.0,181.0,0.637839251239665,מנשה,
ראש פינה,7.0,180.0,0.643516313100109,ראש פינה,
חוף אשקלון,7.0,185.0,0.648184895648574,חוף אשקלון,
פרדס חנה-כרכור,7.0,188.0,0.703761731849565,פרדס חנה כרכור,
ראשון לציון,7.0,190.0,0.726795782232633,ראשון לציון,
גדרה,7.0,189.0,0.746739068374713,גדרה,
מטה יהודה,7.0,192.0,0.757310924593459,מטה יהודה,
בית אריה-עופרים,7.0,201.0,0.762896397086821,בית אריה עופרים,
שער הנגב,7.0,204.0,0.769407841452294,שער הנגב,
גן יבנה,7.0,191.0,0.773669276847494,גן יבנה,
ראש העין,7.0,194.0,0.78106085755783,ראש העין,
כפר יונה,7.0,196.0,0.781458473287862,כפר יונה,
באר יעקב,7.0,197.0,0.782741778544783,באר יעקב,
הערבה התיכונה,7.0,199.0,0.791768041396755,הערבה התיכונה,
יקנעם עילית,7.0,193.0,0.795086717880612,יקנעם עילית,
מבואות החרמון,7.0,195.0,0.799224894535132,מבואות החרמון,
חבל מודיעין,7.0,202.0,0.8369203556641,חבל מודיעין,
באר טוביה,7.0,200.0,0.855811392396049,באר טוביה,
מטולה,7.0,203.0,0.891025755400212,מטולה,
יסוד המעלה,7.0,207.0,0.938158905958467,יסוד המעלה,
מעיליא,7.0,198.0,0.958916403155202,מעיליא,
יהוד-מונוסון,7.0,208.0,0.962620481770494,יהוד מונוסון,
בני שמעון,7.0,206.0,0.97131269230794,בני שמעון,
חוף הכרמל,8.0,205.0,1.04329419378981,חוף הכרמל,
אלקנה,8.0,209.0,1.07334368834655,אלקנה,13.0
מבשרת ציון,8.0,216.0,1.0922078784358,מבשרת ציון,
רמת גן,8.0,210.0,1.09933742073598,רמת גן,
יואב,8.0,211.0,1.1110384126215,יואב,
עמק יזרעאל,8.0,213.0,1.11473409661279,עמק יזרעאל,
זכרון יעקב,8.0,215.0,1.11717929536182,זכרון יעקב,
גבעת שמואל,8.0,212.0,1.13506035246151,גבעת שמואל,
אלפי מנשה,8.0,219.0,1.14168078798777,אלפי מנשה,12.0
גזר,8.0,214.0,1.16165002923498,גזר,
כפר סבא,8.0,222.0,1.19214036094155,כפר סבא,
אלונה,8.0,217.0,1.19824312068227,אלונה,
קריית טבעון,8.0,224.0,1.21546960622859,קריית טבעון,
לב השרון,8.0,220.0,1.22936321208065,לב השרון,
ברנר,8.0,227.0,1.23944939401629,ברנר,
קדימה-צורן,8.0,226.0,1.24054471039999,קדימה צורן,
עמק חפר,8.0,221.0,1.24108950967523,עמק חפר,
כפר תבור,8.0,234.0,1.26572255965062,כפר תבור,
רעננה,8.0,223.0,1.27987115513508,רעננה,
תל אביב -יפו,8.0,218.0,1.29252391191505,תל אביב יפו,
מזכרת בתיה,8.0,228.0,1.29412312978528,מזכרת בתיה,
נס ציונה,8.0,232.0,1.30361324482957,נס ציונה,
רמת ישי,8.0,231.0,1.31001811928829,רמת ישי,
אורנית,8.0,230.0,1.34192275451799,אורנית,4.0
הרצלייה,8.0,225.0,1.36071610391604,הרצלייה,
בנימינה-גבעת עדה,8.0,229.0,1.36519294500976,בנימינה גבעת עדה,
חוף השרון,8.0,235.0,1.38003766816054,חוף השרון,
גן רווה,8.0,233.0,1.38948805267471,גן רווה,
דרום השרון,8.0,236.0,1.41597751631977,דרום השרון,
מודיעין-מכבים-רעות,8.0,237.0,1.42016822765406,מודיעין מכבים רעות,
תל מונד,9.0,238.0,1.47222313130191,תל מונד,
גני תקווה,9.0,239.0,1.47448107069317,גני תקווה,
פרדסייה,9.0,240.0,1.49214590296197,פרדסייה,
מיתר,9.0,244.0,1.49507980417734,מיתר,
כפר ורדים,9.0,241.0,1.5598030443827,כפר ורדים,
הוד השרון,9.0,245.0,1.56742905818758,הוד השרון,
גבעתיים,9.0,242.0,1.56890733568276,גבעתיים,
קריית אונו,9.0,246.0,1.59412003890112,קריית אונו,
אבן יהודה,9.0,243.0,1.62998117714398,אבן יהודה,
שוהם,9.0,248.0,1.68488864716694,שוהם,
רמת השרון,9.0,247.0,1.6988326212998,רמת השרון,
הר אדר,9.0,250.0,1.74818391559113,הר אדר,39.0
גדרות,9.0,249.0,1.75980603244407,גדרות,
עומר,9.0,252.0,1.85631064333778,עומר,
כוכב יאיר,9.0,251.0,1.90646625286262,כוכב יאיר,
להבים,9.0,253.0,1.97203604550363,להבים,
כפר שמריהו,10.0,254.0,2.46154589448067,כפר שמריהו,
סביון,10.0,255.0,2.58668272851169,סביון,
