semel,year,pop
4001,2003,5214.0
4001,2004,5315.0
4001,2005,5439.0
4001,2006,5559.0
4001,2007,5665.0
4001,2008,5718.0
4001,2009,5824.0
4001,2010,5927.0
4001,2011,5989.0
4001,2012,6124.0
4001,2013,6170.0
4001,2014,6238.0
4001,2015,6329.0
4001,2016,6431.0
4001,2017,6485.0
4001,2018,6528.0
4001,2019,6610.0
4001,2020,6665.0
4001,2021,6752.0
4001,2022,6805.0
4001,2023,6886.0
4001,2024,6983.0
4002,2003,240.0
4002,2004,247.0
4002,2005,256.0
4002,2006,264.0
4002,2007,272.0
4002,2008,245.0
4002,2009,250.0
4002,2010,255.0
4002,2011,251.0
4002,2012,277.0
4002,2013,302.0
4002,2014,328.0
4002,2015,350.0
4002,2016,382.0
4002,2017,375.0
4002,2018,401.0
4002,2019,433.0
4002,2020,464.0
4002,2021,484.0
4002,2022,496.0
4002,2023,606.0
4002,2024,593.0
4003,2003,273.0
4003,2004,267.0
4003,2005,269.0
4003,2006,274.0
4003,2007,271.0
4003,2008,262.0
4003,2009,271.0
4003,2010,277.0
4003,2011,306.0
4003,2012,308.0
4003,2013,318.0
4003,2014,323.0
4003,2015,338.0
4003,2016,372.0
4003,2017,381.0
4003,2018,392.0
4003,2019,398.0
4003,2020,416.0
4003,2021,442.0
4003,2022,470.0
4003,2023,546.0
4003,2024,621.0
4004,2003,233.0
4004,2004,239.0
4004,2005,285.0
4004,2006,306.0
4004,2007,312.0
4004,2008,311.0
4004,2009,312.0
4004,2010,307.0
4004,2011,312.0
4004,2012,319.0
4004,2013,328.0
4004,2014,347.0
4004,2015,357.0
4004,2016,387.0
4004,2017,400.0
4004,2018,421.0
4004,2019,434.0
4004,2020,455.0
4004,2021,478.0
4004,2022,492.0
4004,2023,520.0
4004,2024,544.0
4005,2003,1262.0
4005,2004,1262.0
4005,2005,1273.0
4005,2006,1312.0
4005,2007,1369.0
4005,2008,1337.0
4005,2009,1353.0
4005,2010,1362.0
4005,2011,1457.0
4005,2012,1236.0
4005,2013,1280.0
4005,2014,1719.0
4005,2015,1739.0
4005,2016,1877.0
4005,2017,1904.0
4005,2018,2057.0
4005,2019,2055.0
4005,2020,2007.0
4005,2021,2071.0
4005,2022,2175.0
4005,2023,1938.0
4005,2024,1956.0
4006,2003,494.0
4006,2004,501.0
4006,2005,524.0
4006,2006,517.0
4006,2007,526.0
4006,2008,630.0
4006,2009,649.0
4006,2010,660.0
4006,2011,655.0
4006,2012,692.0
4006,2013,707.0
4006,2014,722.0
4006,2015,763.0
4006,2016,796.0
4006,2017,819.0
4006,2018,784.0
4006,2019,799.0
4006,2020,842.0
4006,2021,863.0
4006,2022,878.0
4006,2023,961.0
4006,2024,979.0
4007,2003,312.0
4007,2004,344.0
4007,2005,347.0
4007,2006,352.0
4007,2007,353.0
4007,2008,438.0
4007,2009,448.0
4007,2010,466.0
4007,2011,525.0
4007,2012,549.0
4007,2013,566.0
4007,2014,570.0
4007,2015,601.0
4007,2016,662.0
4007,2017,668.0
4007,2018,705.0
4007,2019,745.0
4007,2020,770.0
4007,2021,802.0
4007,2022,860.0
4007,2023,855.0
4007,2024,895.0
4008,2003,291.0
4008,2004,306.0
4008,2005,309.0
4008,2006,340.0
4008,2007,357.0
4008,2008,375.0
4008,2009,381.0
4008,2010,372.0
4008,2011,395.0
4008,2012,390.0
4008,2013,385.0
4008,2014,401.0
4008,2015,441.0
4008,2016,472.0
4008,2017,488.0
4008,2018,515.0
4008,2019,557.0
4008,2020,559.0
4008,2021,573.0
4008,2022,596.0
4008,2023,652.0
4008,2024,734.0
4009,2003,230.0
4009,2004,230.0
4009,2005,229.0
4009,2006,230.0
4009,2007,225.0
4009,2008,191.0
4009,2009,189.0
4009,2010,196.0
4009,2011,198.0
4009,2012,203.0
4009,2013,222.0
4009,2014,232.0
4009,2015,256.0
4009,2016,249.0
4009,2017,255.0
4009,2018,263.0
4009,2019,276.0
4009,2020,305.0
4009,2021,316.0
4009,2022,343.0
4009,2023,435.0
4009,2024,452.0
4010,2003,96.0
4010,2004,93.0
4010,2005,95.0
4010,2006,103.0
4010,2007,103.0
4010,2008,87.0
4010,2009,85.0
4010,2010,84.0
4010,2011,90.0
4010,2012,93.0
4010,2013,104.0
4010,2014,109.0
4010,2015,118.0
4010,2016,126.0
4010,2017,131.0
4010,2018,139.0
4010,2019,155.0
4010,2020,155.0
4010,2021,176.0
4010,2022,192.0
4010,2023,292.0
4010,2024,314.0
4011,2003,344.0
4011,2004,337.0
4011,2005,357.0
4011,2006,418.0
4011,2007,463.0
4011,2008,410.0
4011,2009,443.0
4011,2010,491.0
4011,2011,528.0
4011,2012,583.0
4011,2013,583.0
4011,2014,601.0
4011,2015,633.0
4011,2016,681.0
4011,2017,700.0
4011,2018,714.0
4011,2019,725.0
4011,2020,740.0
4011,2021,811.0
4011,2022,876.0
4011,2023,1023.0
4011,2024,1079.0
4012,2003,347.0
4012,2004,379.0
4012,2005,384.0
4012,2006,414.0
4012,2007,462.0
4012,2008,454.0
4012,2009,446.0
4012,2010,467.0
4012,2011,501.0
4012,2012,528.0
4012,2013,530.0
4012,2014,526.0
4012,2015,503.0
4012,2016,513.0
4012,2017,536.0
4012,2018,531.0
4012,2019,532.0
4012,2020,515.0
4012,2021,502.0
4012,2022,499.0
4012,2023,486.0
4012,2024,475.0
4013,2003,249.0
4013,2004,258.0
4013,2005,254.0
4013,2006,243.0
4013,2007,238.0
4013,2008,277.0
4013,2009,296.0
4013,2010,306.0
4013,2011,284.0
4013,2012,276.0
4013,2013,291.0
4013,2014,304.0
4013,2015,321.0
4013,2016,335.0
4013,2017,352.0
4013,2018,343.0
4013,2019,343.0
4013,2020,349.0
4013,2021,369.0
4013,2022,376.0
4013,2023,366.0
4013,2024,374.0
4014,2003,47.0
4014,2005,48.0
4014,2006,80.0
4014,2007,111.0
4014,2008,170.0
4014,2009,218.0
4014,2010,236.0
4014,2011,265.0
4014,2012,311.0
4014,2013,365.0
4014,2014,560.0
4014,2015,567.0
4014,2016,688.0
4014,2017,702.0
4014,2018,686.0
4014,2019,713.0
4014,2020,871.0
4014,2021,910.0
4014,2022,958.0
4014,2023,750.0
4014,2024,770.0
4015,2003,938.0
4015,2004,971.0
4015,2005,991.0
4015,2006,1021.0
4015,2007,1036.0
4015,2008,918.0
4015,2009,930.0
4015,2010,968.0
4015,2011,965.0
4015,2012,1010.0
4015,2013,1031.0
4015,2014,1047.0
4015,2015,1040.0
4015,2016,1024.0
4015,2017,1049.0
4015,2018,1070.0
4015,2019,1085.0
4015,2020,1120.0
4015,2021,1129.0
4015,2022,1152.0
4015,2023,1258.0
4015,2024,1244.0
4017,2003,251.0
4017,2004,251.0
4017,2005,255.0
4017,2006,271.0
4017,2007,286.0
4017,2008,278.0
4017,2009,278.0
4017,2010,291.0
4017,2011,310.0
4017,2012,343.0
4017,2013,365.0
4017,2014,359.0
4017,2015,368.0
4017,2016,422.0
4017,2017,439.0
4017,2018,445.0
4017,2019,457.0
4017,2020,447.0
4017,2021,472.0
4017,2022,518.0
4017,2023,492.0
4017,2024,512.0
4019,2003,47.0
4019,2004,44.0
4019,2005,52.0
4019,2006,56.0
4019,2007,65.0
4019,2008,120.0
4019,2009,112.0
4019,2010,111.0
4019,2011,108.0
4019,2012,111.0
4019,2013,151.0
4019,2014,198.0
4019,2015,211.0
4019,2016,244.0
4019,2017,266.0
4019,2018,287.0
4019,2019,299.0
4019,2020,289.0
4019,2021,324.0
4019,2022,336.0
4019,2023,355.0
4019,2024,379.0
4021,2003,363.0
4021,2004,398.0
4021,2005,397.0
4021,2006,436.0
4021,2007,452.0
4021,2008,529.0
4021,2009,537.0
4021,2010,532.0
4021,2011,557.0
4021,2012,572.0
4021,2013,577.0
4021,2014,636.0
4021,2015,662.0
4021,2016,700.0
4021,2017,690.0
4021,2018,703.0
4021,2019,707.0
4021,2020,740.0
4021,2021,728.0
4021,2022,723.0
4021,2023,763.0
4021,2024,804.0
4022,2003,168.0
4022,2004,192.0
4022,2005,226.0
4022,2006,215.0
4022,2007,204.0
4022,2008,213.0
4022,2009,218.0
4022,2010,221.0
4022,2011,222.0
4022,2012,226.0
4022,2013,233.0
4022,2014,257.0
4022,2015,264.0
4022,2016,272.0
4022,2017,279.0
4022,2018,283.0
4022,2019,280.0
4022,2020,289.0
4022,2021,309.0
4022,2022,321.0
4022,2023,323.0
4022,2024,357.0
4024,2003,57.0
4024,2004,58.0
4024,2005,71.0
4024,2006,106.0
4024,2007,154.0
4024,2008,147.0
4024,2009,151.0
4024,2010,163.0
4024,2011,180.0
4024,2012,181.0
4024,2013,189.0
4024,2014,217.0
4024,2015,224.0
4024,2016,249.0
4024,2017,277.0
4024,2018,298.0
4024,2019,319.0
4024,2020,336.0
4024,2021,390.0
4024,2022,404.0
4024,2023,412.0
4024,2024,415.0
4025,2003,335.0
4025,2004,341.0
4025,2005,353.0
4025,2006,371.0
4025,2007,373.0
4025,2008,321.0
4025,2009,330.0
4025,2010,334.0
4025,2011,333.0
4025,2012,342.0
4025,2013,344.0
4025,2014,333.0
4025,2015,359.0
4025,2016,400.0
4025,2017,423.0
4025,2018,452.0
4025,2019,500.0
4025,2020,512.0
4025,2021,537.0
4025,2022,578.0
4025,2023,682.0
4025,2024,734.0
4026,2003,400.0
4026,2004,439.0
4026,2005,461.0
4026,2006,482.0
4026,2007,510.0
4026,2008,534.0
4026,2009,583.0
4026,2010,622.0
4026,2011,683.0
4026,2012,742.0
4026,2013,785.0
4026,2014,815.0
4026,2015,827.0
4026,2016,852.0
4026,2017,839.0
4026,2018,823.0
4026,2019,810.0
4026,2020,854.0
4026,2021,876.0
4026,2022,889.0
4026,2023,910.0
4026,2024,885.0
4028,2003,277.0
4028,2004,285.0
4028,2005,302.0
4028,2006,319.0
4028,2007,333.0
4028,2008,323.0
4028,2009,333.0
4028,2010,352.0
4028,2011,372.0
4028,2012,380.0
4028,2013,387.0
4028,2014,394.0
4028,2015,419.0
4028,2016,450.0
4028,2017,459.0
4028,2018,461.0
4028,2019,461.0
4028,2020,470.0
4028,2021,465.0
4028,2022,486.0
4028,2023,511.0
4028,2024,543.0
4029,2022,87.0
4029,2023,102.0
4029,2024,111.0
4100,2003,6288.0
4100,2004,6357.0
4100,2005,6535.0
4100,2006,6479.0
4100,2007,6444.0
4100,2008,6456.0
4100,2009,6529.0
4100,2010,6719.0
4100,2011,6607.0
4100,2012,6725.0
4100,2013,6736.0
4100,2014,6829.0
4100,2015,6913.0
4100,2016,6998.0
4100,2017,7127.0
4100,2018,7132.0
4100,2019,7297.0
4100,2020,7500.0
4100,2021,7606.0
4100,2022,7876.0
4100,2023,7956.0
4100,2024,8012.0
4101,2003,353.0
4101,2004,411.0
4101,2005,469.0
4101,2006,495.0
4101,2007,497.0
4101,2008,570.0
4101,2009,586.0
4101,2010,598.0
4101,2011,630.0
4101,2012,642.0
4101,2013,643.0
4101,2014,661.0
4101,2015,675.0
4101,2016,701.0
4101,2017,701.0
4101,2018,724.0
4101,2019,743.0
4101,2020,743.0
4101,2021,754.0
4101,2022,741.0
4101,2023,789.0
4101,2024,817.0
4201,2003,8440.0
4201,2004,8633.0
4201,2005,8847.0
4201,2006,9023.0
4201,2007,9180.0
4201,2008,9474.0
4201,2009,9631.0
4201,2010,9833.0
4201,2011,9927.0
4201,2012,10190.0
4201,2013,10340.0
4201,2014,10485.0
4201,2015,10643.0
4201,2016,10804.0
4201,2017,10930.0
4201,2018,11044.0
4201,2019,11180.0
4201,2020,11267.0
4201,2021,11404.0
4201,2022,11458.0
4201,2023,11221.0
4201,2024,11264.0
4203,2003,3105.0
4203,2004,3168.0
4203,2005,3235.0
4203,2006,3318.0
4203,2007,3385.0
4203,2008,3021.0
4203,2009,3097.0
4203,2010,3144.0
4203,2011,3249.0
4203,2012,3345.0
4203,2013,3375.0
4203,2014,3447.0
4203,2015,3520.0
4203,2016,3557.0
4203,2017,3592.0
4203,2018,3650.0
4203,2019,3714.0
4203,2020,3753.0
4203,2021,3812.0
4203,2022,3869.0
4203,2023,4185.0
4203,2024,4205.0
4204,2003,347.0
4204,2004,325.0
4204,2005,329.0
4204,2006,336.0
4204,2007,339.0
4204,2008,275.0
4204,2009,280.0
4204,2010,276.0
4204,2011,298.0
4204,2012,309.0
4204,2013,320.0
4204,2014,323.0
4204,2015,344.0
4204,2016,383.0
4204,2017,398.0
4204,2018,434.0
4204,2019,459.0
4204,2020,473.0
4204,2021,459.0
4204,2022,481.0
4204,2023,530.0
4204,2024,568.0
4301,2003,230.0
4301,2004,235.0
4301,2005,210.0
4301,2006,215.0
4301,2007,216.0
4301,2008,222.0
4301,2009,223.0
4301,2010,234.0
4301,2011,255.0
4301,2012,256.0
4301,2013,252.0
4301,2014,259.0
4301,2015,277.0
4301,2016,292.0
4301,2017,295.0
4301,2018,329.0
4301,2019,344.0
4301,2020,345.0
4301,2021,356.0
4301,2022,387.0
4301,2023,393.0
4301,2024,402.0
4303,2003,161.0
4303,2004,167.0
4303,2005,173.0
4303,2006,174.0
4303,2007,175.0
4303,2008,125.0
4303,2009,124.0
4303,2010,117.0
4303,2011,110.0
4303,2012,114.0
4303,2013,122.0
4303,2014,130.0
4303,2015,124.0
4303,2016,115.0
4303,2017,118.0
4303,2018,115.0
4303,2019,110.0
4303,2020,127.0
4303,2021,141.0
4303,2022,140.0
4303,2023,227.0
4303,2024,226.0
4304,2003,465.0
4304,2004,484.0
4304,2005,504.0
4304,2006,510.0
4304,2007,529.0
4304,2008,563.0
4304,2009,605.0
4304,2010,631.0
4304,2011,659.0
4304,2012,783.0
4304,2013,809.0
4304,2014,830.0
4304,2015,858.0
4304,2016,862.0
4304,2017,900.0
4304,2018,931.0
4304,2019,965.0
4304,2020,995.0
4304,2021,1026.0
4304,2022,1059.0
4304,2023,1153.0
4304,2024,1192.0
4501,2003,1905.0
4501,2004,1961.0
4501,2005,2009.0
4501,2006,2065.0
4501,2007,2129.0
4501,2008,2119.0
4501,2009,2169.0
4501,2010,2219.0
4501,2011,2244.0
4501,2012,2301.0
4501,2013,2361.0
4501,2014,2415.0
4501,2015,2484.0
4501,2016,2517.0
4501,2017,2559.0
4501,2018,2607.0
4501,2019,2659.0
4501,2020,2702.0
4501,2021,2745.0
4501,2022,2806.0
4501,2023,2692.0
4501,2024,2739.0
4502,2003,1758.0
4502,2004,1803.0
4502,2005,1846.0
4502,2006,1893.0
4502,2007,1940.0
4502,2008,1693.0
4502,2009,1735.0
4502,2010,1765.0
4502,2011,1805.0
4502,2012,1871.0
4502,2013,1892.0
4502,2014,1920.0
4502,2015,1945.0
4502,2016,1988.0
4502,2017,2033.0
4502,2018,2063.0
4502,2019,2098.0
4502,2020,2139.0
4502,2021,2172.0
4502,2022,2190.0
4502,2023,2444.0
4502,2024,2470.0
4503,2003,212.0
4503,2004,214.0
4503,2005,229.0
4503,2006,216.0
4503,2007,213.0
4503,2008,213.0
4503,2009,212.0
4503,2010,213.0
4503,2011,210.0
4503,2012,230.0
4503,2013,252.0
4503,2014,280.0
4503,2015,280.0
4503,2016,296.0
4503,2017,322.0
4503,2018,348.0
4503,2019,371.0
4503,2020,386.0
4503,2021,426.0
4503,2022,462.0
4503,2023,543.0
4503,2024,534.0
4551,2003,263.0
4551,2004,291.0
4551,2005,303.0
4551,2006,334.0
4551,2007,350.0
4551,2008,398.0
4551,2009,422.0
4551,2010,424.0
4551,2011,427.0
4551,2012,435.0
4551,2013,473.0
4551,2014,510.0
4551,2015,534.0
4551,2016,574.0
4551,2017,594.0
4551,2018,618.0
4551,2019,632.0
4551,2020,637.0
4551,2021,669.0
4551,2022,713.0
4551,2023,740.0
4551,2024,742.0
4701,2003,459.0
4701,2004,483.0
4701,2005,487.0
4701,2006,500.0
4701,2007,517.0
4701,2008,560.0
4701,2009,565.0
4701,2010,568.0
4701,2011,579.0
4701,2012,616.0
4701,2013,627.0
4701,2014,615.0
4701,2015,637.0
4701,2016,630.0
4701,2017,634.0
4701,2018,704.0
4701,2019,705.0
4701,2020,755.0
4701,2021,784.0
4701,2022,820.0
4701,2023,804.0
4701,2024,815.0
4702,2003,478.0
4702,2004,472.0
4702,2005,480.0
4702,2006,478.0
4702,2007,487.0
4702,2008,427.0
4702,2009,446.0
4702,2010,453.0
4702,2011,453.0
4702,2012,478.0
4702,2013,485.0
4702,2014,476.0
4702,2015,489.0
4702,2016,509.0
4702,2017,543.0
4702,2018,550.0
4702,2019,552.0
4702,2020,531.0
4702,2021,544.0
4702,2022,572.0
4702,2023,847.0
4702,2024,872.0
