"Name","Name Hebrew","DB_ID","x (ITM)","y (ITM)","x (UTM)","y (UTM)","Year established","Distance from Green Line (Kilometers)","Municipality","Urban Pattern","Elevation","Comments","Population 1969","Population 1970","Population 1971","Population 1972","Population 1973","Population 1974","Population 1975","Population 1976","Population 1977","Population 1978","Population 1979","Population 1980","Population 1981","Population 1982","Population 1983","Population 1985","Population 1986","Population 1987","Population 1988","Population 1989","Population 1990","Population 1991","Population 1992","Population 1993","Population 1994","Population 1995","Population 1996","Population 1997","Population 1998","Population 1999","Population 2000","Population 2001","Population 2002","Population 2003","Population 2004","Population 2005","Population 2006","Population 2007","Population 2008","Population 2009","Population 2010","Population 2011","Population 2012","Population 2013","Population 2014","Population 2015","Population 2016","Population 2017","Population 2018","Population 2019","Population 2020","Population 2021","Population 2022","Population 2023","Population May 2024","","","",""
"Avnei Hefetz","אבני חפץ","1","207331","687989","32.28517186","35.0750225","1990","4.2","Shomron","Urban","200","","0","0","0","0","0","0","0","0","0","0","0","","","0","0","0","0","0","0","0","0","0","0","147","214","270","347","511","630","695","785","838","891","964","1,038","1,127","1,247","1,328","1,357","1412","1,553","1,545","1,614","1,675","1658","1709","1759","1,836","1,895","1,923","2,080","2,223","2,363","2,454","2,536","","","",""
"Ovnat","אבנת","2","241557","620603","31.67732129","35.43681931","1983","21","Megilot","Community","-330","","0","0","0","0","0","0","0","0","0","0","0","","","0","","0","0","0","0","0","0","0","0","0","0","0","0","0","0","0","0","0","0","0","0","0","0","0","","100","101","119","97","112","110","128","193","201","185","237","255","260","249","271","286","","","",""
"Adora","אדורה","3","201676","606742","31.55238961","35.01648338","1984","6.4","Har Hebron","Community","650","","0","0","0","0","0","0","0","0","0","0","0","","","","0","","","","","","","","","165","184","191","207","229","264","291","271","253","205","191","186","206","220","248","248","257","240","268","278","330","367","404","421","440","440","462","447","474","515","534","541","","","",""
"Oranit","אורנית","4","199620","670774","32.12981779","34.99352396","1985","0","Oranit","Urban","140","","0","0","0","0","0","0","0","0","0","0","0","","","0","0","232","618","1,100","1,600","1,910","2,240","2,580","2,930","3,160","3,380","3,610","4,050","4,340","4,490","4,780","5,070","5,150","5,190","5,316","5,458","5,585","5,782","5,987","6,328","5917","6,205","6,600","7,195","7,626","8086","8495","8652","8,655","8,807","8,955","8,966","9,113","9,295","10,055","9,397","","","",""
"Itamar","
","5","229146","675556","32.17307588","35.30647206","1984","28","Shomron","Community","660","","0","0","0","0","0","0","0","0","0","0","0","","","0","0","0","0","0","0","0","0","0","235","267","273","298","361","400","439","511","541","562","534","557","600","651","698","750","785","1032","1,101","1,181","1,024","1,026","1275","1305","1151","1,199","1,238","1,269","1,285","1,355","1,470","1,670","1,596","","","",""
"Alon","אלון","6","233635","637852","31.8330134","35.35351912","1990","12.6","Binyamin","Community","","Officially part of Kfar Adumim","","","","","","","","","","","","","","0","","0","0","0","0","0","0","0","0","0","0","0","0","0","0","0","0","0","0","0","0","0","0","0","","","","","","","","","","","","","","","","","","","","",""
"Elon More","אלון מורה","7","231731","682176","32.23274526","35.33396781","1979","22","Shomron","Community","635","","0","0","0","0","0","0","0","0","","","","","","438","393","608","661","749","773","828","958","1,190","1,210","1,140","1,120","1,130","994","1,030","1,030","1,050","1,060","1,030","1,060","1,097","1,152","1,212","1,314","1,322","1,315","1433","1,447","1,514","1,632","1,653","1773","1794","1861","1,912","1,946","1,920","2,010","2,009","2,105","2,161","2,111","","","",""
"Alon Shvut","אלון שבות","8","211998","618062","31.6545932","35.12510572","1970","4.6","Gush Etzion","Community","965","","0","","","","","","","","","","","","","1,200","1071","1,270","1,300","1,380","1,450","1,460","1,490","1,670","1,770","1,800","1,820","1,870","1,910","1,930","1,980","2,230","2,680","2,880","3,030","3,146","3,229","3,291","3,330","3,291","3,298","2951","3,033","3,051","3,066","3,112","3141","3218","3180","3,213","3,151","3,098","3,071","3,061","3,046","3,267","2,967","","","",""
"Almog","אלמוג","9","243870","632805","31.78732141","35.46150972","1977","20.6","Megilot","Kibbutz","-270","","","","","","","","","","","","","","","0","57","0","0","0","0","0","0","0","0","103","102","125","145","152","157","156","167","159","155","141","142","159","192","188","197","153","170","159","178","175","179","207","239","250","253","255","246","256","236","306","264","","","",""
"Elmatan","אלמתן","228","207215","673546","32.15492051","35.07397412","","","Shomron","","","Officially part of Maale Shomron Legalized Outpost","","","","","","","","","","","","","","","","","","","","","","","","","","","","","","","","","","","","","","","","","","","","","","","","","","","","","","","","","","",""
"El'azar","אלעזר","10","213512","618686","31.66022854","35.14106851","1975","5.5","Gush Etzion","Community","910","","0","0","0","0","0","0","","","","","","","","0","133","0","264","0","0","0","267","278","327","359","398","417","397","503","663","747","784","789","796","882","993","1,131","1,314","1,547","1,706","1837","1,905","2,081","2,302","2,389","2532","2577","2568","2,571","2,510","2,459","2,487","2,561","2,615","2,567","2,712","","","",""
"Alfei Menashe","אלפי מנשה","11","201576","675338","32.17100824","35.01416982","1983","2.8","Alfei Menashe","Urban","200","","0","0","0","0","0","0","0","0","0","0","0","","","0","0","1,260","1,680","1,910","2,110","2,330","2,560","2,860","3,170","3,720","4,030","4,130","4,210","4,260","4,360","4,410","4,580","5,040","5,250","5,347","5,433","5,541","5,826","6,164","6,633","6718","7,079","7,423","7,574","7,583","7614","7638","7780","7,801","7,865","7,952","7,997","7,967","7,975","8,126","8,000","","","",""
"Elkana","אלקנה","12","203486","668720","32.11135423","35.03452775","1977","3.1","Elkana","Urban","270","","0","0","0","0","0","0","0","0","","","","","","650","607","1,070","1,390","1,560","1,690","1,850","2,120","2,360","2,480","2,600","2,710","2,840","2,750","2,840","2,920","356","2,990","3,030","3,030","3,050","2,983","2,963","2,968","3,000","3,098","3483","3,587","3,746","3,860","3,871","3871","3945","3898","3,884","3,812","3,838","3,911","4,071","4,301","4,392","4,453","","","",""
"Asfar","אספר (מיצד)","13","217904","610446","31.58593601","35.18738984","1983","14.5","Gush Etzion","Community","940","","0","0","0","0","0","0","0","0","0","0","0","","","0","0","0","0","0","0","0","0","0","237","286","299","292","329","356","368","356","361","308","218","232","275","258","257","263","253","377","401","410","469","510","535","583","688","729","835","932","986","1,114","1,228","1,362","1,394","","","",""
"Efrat","אפרת","14","214890","618742","31.66074796","35.15559349","1980","6.5","Efrata","Community","910","","0","0","0","0","0","0","0","0","0","0","0","","","0","207","903","1,170","1,490","1,760","2,070","2,420","3,030","3,520","4,050","4,650","5,280","5,630","5,930","6,120","6,230","6,430","6,540","6,810","7,037","7,273","7,428","7,714","8,015","8,167","7183","7,454","7,685","7,812","7,912","8131","8301","8658","9,116","10,088","10,806","11,405","11,804","11,853","12,300","11,940","","","",""
"Argaman","ארגמן","15","249403","675491","32.17213013","35.52125526","1968","23.7","Jordan Valley","Moshav","-180","","","","","","","","","","","","","","","0","100","0","0","0","0","0","0","0","0","164","165","169","148","157","152","155","164","160","167","169","166","166","166","170","166","166","169","163","132","130","128","133","131","128","133","133","134","133","131","160","141","","","",""
"Ariel","אריאל","16","217982","667675","32.10204396","35.18812286","1978","16.1","Ariel","Urban","560","","0","0","0","0","0","0","0","0","0","","","700","","1,340","1222","3,220","4,480","5,300","6,160","7,000","8,010","9,050","10,400","11,800","12,800","13,800","13,800","14,300","14,400","15,100","15,600","16,000","16,300","16,053","16,414","16,520","16,432","16,613","16,716","17559","17,668","17,849","18,176","18,089","18391","18717","19220","19,626","20,456","20,540","19,582","19,647","20,520","21,841","21,004","","","",""
"Eshkolot","אשכולות","17","190620","588842","31.39073448","34.9005669","1982","1.8","Har Hebron","Community","600","","0","0","0","0","0","0","0","0","0","0","0","","","0","0","0","0","0","0","0","0","0","0","0","0","0","101","126","143","148","171","209","220","220","231","225","225","229","518","578","619","661","510","491","494","494","515","521","567","577","588","609","623","635","633","","","",""
"Beit El","בית אל","18","222183","649663","31.93961359","35.23257628","1977","13.5","Beit El","Community","860","","0","0","0","0","0","0","0","0","","","","","","450","537","1,273","1,445","1,608","1,700","1,840","2,023","2,300","2,690","2,910","3,110","3,340","3,350","3,450","3,570","3,800","4,120","4,240","4,410","4,627","4,763","4,967","5,163","5,288","5,413","5499","5,626","5,808","5,897","5,899","5991","6046","6115","6,101","6,042","5,973","5,684","5,682","6,108","6,040","6,469","","","",""
"Beit Al-Baraka","בית אלברכה","1113","212549","615494","31.63143687","35.13094121","2015","","Gush Etzion","","","","","","","","","","","","","","","","","","","","","","","","","","","","","","","","","","","","","","","","","","","","","","","","","","","","","","","","","","","","","",""
"Beit Arye","בית אריה","19","204990","660381","32.0361719","35.0505863","1981","3.8","Beit Arye","Urban","345","","0","0","0","0","0","0","0","0","0","0","0","","","252","246","402","586","624","677","734","916","1,120","1,310","1,630","1,910","1,990","2,110","2,160","2,230","2,330","2,380","2,410","2,480","2,522","3,446","3,457","3,502","3,606","3,767","3711","3,909","4,057","4,166","4,322","4516","4721","4842","4,955","5,139","5,253","5,351","5,409","5,517","5,516","5,603","","","",""
"Beit Ha'arava","בית הערבה","20","245529","635105","31.80802753","35.47908857","1980","22.5","Jordan Valley","Kibbutz","-320","","0","0","0","0","0","0","0","0","0","0","0","","","0","0","0","0","0","0","0","0","0","0","0","0","0","26","35","42","45","55","59","52","54","69","83","87","102","96","95","120","122","119","132","134","159","183","222","290","350","398","451","508","565","557","","","",""
"Beit Horon","בית חורון","21","212301","642637","31.87622599","35.12812547","1977","4.7","Binyamin","Community","625","","0","0","0","0","0","0","0","0","","","","","","0","90","233","265","292","325","341","424","465","519","558","570","595","622","630","656","720","772","822","826","822","825","848","900","979","1,034","1024","1,115","1,118","1,149","1,175","1218","1228","1240","1,274","1,362","1,437","1,454","1,468","1,442","1,496","1,434","","","",""
"Beitar Illit","ביתר עילית","22","210677","622820","31.69749434","35.11113337","1985","0.4","Beitar Illit","Urban","870","","0","0","0","0","0","0","0","0","0","0","0","","","0","0","0","0","0","0","0","395","1,220","2,610","3,940","4,880","5,540","7,570","9,760","11,300","12,700","15,800","17,300","20,200","22,926","24,895","26,996","29,126","32,182","34,829","34999","37,575","39,710","42,467","44,927","46874","49343","51636","54,557","56,746","59,269","61,125","63,220","64,016","69,281","68,293","","","",""
"Bqa'ot","בקעות","23","243229","683197","32.24177107","35.45598092","1972","17.1","Jordan Valley","Moshav","100","","0","0","0","","","","","","","","","","","0","150","0","0","0","0","0","0","0","0","173","180","174","142","144","146","144","144","153","147","145","152","156","171","175","173","160","162","165","175","172","171","182","187","184","176","181","192","186","187","247","192","","","",""
"Bruchin","ברוכין","233","208751","665364","32.08115403","35.09034452","","9.3","Shomron","","","Legalized Outpost","0","0","0","0","0","0","0","0","0","0","0","","","","","","","","","","","","","","","","","","","","","","","","","","","","","","","","479","602","675","719","818","919","1,093","1,165","1,478","2,129","2,412","2,793","2,723","","","",""
"Bracha","ברכה","24","225217","677755","32.19293592","35.26482823","1983","23.2","Shomron","Community","850","","0","0","0","0","0","0","0","0","0","0","0","","","0","58","0","0","0","0","0","0","205","259","278","319","372","587","668","686","714","752","783","817","880","970","1,094","1,182","1,275","1,364","1533","1,691","1,769","1,922","2,047","2195","2267","2339","2,468","2,620","2,757","2,927","3,062","3,165","3,394","3,301","","","",""
"Barqan","ברקן (בית אב""א)","25","210180","668343","32.10803596","35.1054544","1981","10.5","Shomron","Community","455","","0","0","0","0","0","0","0","0","0","0","0","","","0","172","254","290","0","0","380","425","485","669","763","827","929","962","975","1,010","1,080","1,150","1,160","1,200","1,217","1,215","1,231","1,257","1,267","1,317","1359","1,401","1,464","1,502","1,536","1627","1741","1798","1,825","1,833","1,895","1,933","2,005","2,040","2,169","2,119","","","",""
"Bat Ayin","בת עין","26","209947","618382","31.65746414","35.1034778","1989","2.8","Gush Etzion","Community","870","","0","0","0","0","0","0","0","0","0","0","0","","","0","0","0","0","0","0","0","0","0","0","0","319","365","430","459","500","572","610","665","685","767","796","804","866","906","950","900","987","1,034","1,117","1,186","1196","1226","1307","1,428","1,545","1,568","1,605","1,673","1,730","1,869","1,814","","","",""
"Geva Binyamin (aka Adam)","גבע בנימין (אדם)","27","226525","639639","31.84919511","35.27842876","1984","6.6","Binyamin","Urban","655","","0","0","0","0","0","0","0","0","0","0","0","","","0","0","0","0","0","0","0","0","0","273","330","361","404","526","562","627","707","1,020","1,300","1,570","1,801","2,032","2,436","3,183","3,574","3,731","4157","4,370","4,487","4,674","4,860","5065","5232","5278","5,409","5,525","5,682","5,761","5,857","5,913","5,827","6,115","","","",""
"Giv'on","גבעון","28","216322","639602","31.84887572","35.17062922","1977","4.9","Givat Ze'ev","Community","","Officially part of Givat Zeev","0","0","0","0","0","0","0","0","0","0","0","","","0","","0","0","0","0","0","0","0","0","0","0","0","0","0","0","0","0","0","0","0","0","0","0","0","","","","","","","","","","","","","","","","","","","","",""
"Giv'on Ha'hadasha","גבעון החדשה","29","215173","639402","31.84706899","35.15849106","1980","4","Binyamin","Community","755","","0","0","0","0","0","0","0","0","0","0","0","","","0","92","0","318","346","411","433","519","649","657","773","826","935","972","1,050","1,140","1,180","1,190","1,220","1,220","1,224","1,179","1,147","1,181","1,192","1,166","1113","1,097","1,072","1,131","1,152","1161","1151","1135","1,139","1,086","1,066","1,043","1,021","996","1,189","1,022","","","",""
"Gva'ot","גבעות","30","209648","620767","31.67897669","35.10030565","","1.8","Gush Etzion","Community","","Officially part of Alon Shvut","0","0","0","0","0","0","0","0","0","0","0","","","0","","0","0","0","0","0","0","0","0","0","0","0","0","0","0","0","0","0","0","0","0","0","0","0","","","","","","","","","","","","","","","","","","","","",""
"Givat Ze'ev","גבעת זאב","31","215987","640908","31.8606508","35.16708765","1983","4.9","Givat Ze'ev","Urban","770","","0","0","0","0","0","0","0","0","0","0","0","","","0","0","2,250","2,950","3,400","3,760","4,250","4,780","5,580","6,080","6,380","6,750","7,120","7,840","8,950","9,720","10,000","10,300","10,500","10,600","10,790","10,635","10,656","10,796","10,873","11,063","10779","11,764","12,632","13,466","14,349","15094","16123","16865","17,323","17,922","18,420","19,225","20,034","21,097","24,193","22,503","","","",""
"Gitit","גיתית","32","237367","667838","32.10337175","35.39350072","1973","37","Jordan Valley","Moshav","305","","0","0","0","0","","","","","","","","","","0","113","0","0","0","0","0","0","0","0","137","138","137","108","106","120","109","100","102","95","119","161","191","214","214","231","259","297","302","308","324","362","376","430","457","476","505","497","498","502","567","547","","","",""
"Gilgal","גלגל","33","242396","656330","31.99951028","35.44650276","1970","30.2","Jordan Valley","Kibbutz","-235","","0","","","","","","","","","","","","","0","118","0","0","0","0","0","0","0","0","164","169","184","171","170","157","164","180","171","161","162","164","164","162","148","140","172","166","167","167","168","169","171","178","180","178","203","217","223","229","209","239","","","",""
"Ganei Modiin","גני מודיעין","1078","201624","648475","31.92875749","35.01517459","1985","0.5","Binyamin","","","Moved from being part of Modiin Illit to an independent settlement in 2015","0","0","0","0","0","0","0","0","0","0","0","","","","","","","","","","","","","","","","","","","","","","","","","","","","","","","","","","","2347","2411","2,445","2,488","2,603","2,716","2,688","2,735","3,239","2,772","","","",""
"Dolev","דולב","34","212812","648234","31.92670584","35.13348584","1983","8.6","Binyamin","Community","610","","0","0","0","0","0","0","0","0","0","0","0","","","0","0","0","0","0","0","0","271","310","403","424","471","540","609","690","755","850","880","907","909","973","963","1,034","1,100","1,154","1,230","1137","1,195","1,282","1,306","1,310","1281","1302","1331","1,400","1,341","1,448","1,513","1,569","1,613","1,598","1,614","","","",""
"Har Adar","הר אדר","35","212401","637138","31.82663377","35.12921443","1986","0","Har Adar","Community","880","","0","0","0","0","0","0","0","0","0","0","0","","","0","0","0","0","413","626","929","1,150","1,250","1,330","1,380","1,430","1,430","1,440","1,430","1,380","1,380","1,420","1,570","1,730","1,839","2,074","2,260","2,438","2,743","3,115","3211","3,426","3,622","3,701","3,757","3776","3858","3980","4,058","4,056","4,088","4,084","4,107","4,065","4,389","4,140","","","",""
"Har Gilo","הר גילה","36","216145","625563","31.72226086","35.16880902","1972","1.8","Gush Etzion","Community","915","","0","0","0","","","","","","","","","","","0","201","283","298","298","298","305","340","379","389","404","387","380","328","345","340","363","369","364","357","365","371","381","415","462","479","566","602","670","952","1,262","1438","1505","1570","1,568","1,590","1,635","1,625","1,647","1,655","1,651","1,666","","","",""
"Har Shmuel","הר שמואל","37","216243","638065","31.83501152","35.16979848","1998","4.9","Givat Ze'ev","Urban","","Officially part of Givat Zeev","0","0","0","0","0","0","0","0","0","0","0","","","0","","0","0","0","0","0","0","0","0","0","0","0","0","0","0","0","0","0","0","0","0","0","0","0","","","","","","","","","","","","","","","","","","","","",""
"Vered Yericho","ורד יריחו","38","241022","637118","31.82627056","35.43153603","1980","18.7","Jordan Valley","Moshav/Community","-130","","0","0","0","0","0","0","0","0","0","0","0","","","0","0","0","210","190","0","0","0","0","0","202","202","197","148","151","145","155","164","157","157","161","161","156","180","190","188","194","196","195","221","221","221","239","252","298","317","341","360","364","377","416","391","","","",""
"Hebron","חברון","39","209999","603624","31.52436815","35.10417719","1978","15","Kiryat Arba","","","","0","0","0","0","0","0","0","0","0","0","0","","","","","","","","","","","","","","","","","","","","","","","","","","","","","800","","","","","","","","","","","","","","","","","","",""
"Haggai","חגי","40","207506","599798","31.48984185","35.07797488","1984","12.3","Har Hebron","Community","880","","0","0","0","0","0","0","0","0","0","0","0","","","0","0","0","0","0","0","0","0","0","0","213","224","240","300","345","391","405","406","396","374","388","429","452","477","545","552","489","502","512","541","552","547","592","573","596","635","667","676","701","725","863","797","","","",""
"Horesh Yaron","חורש ירון","265","213340","650291","31.94525555","35.1390547","","","Binyamin","","","Officially part of Talmon Legalized Outpost","","","","","","","","","","","","","","","","","","","","","","","","","","","","","","","","","","","","","","","","","","","","","","","","","","","","","","","","","","",""
"Hinanit","חיננית","41","216511","709575","32.47988482","35.17240578","1981","2.3","Shomron","Community","390","","0","0","0","0","0","0","0","0","0","0","0","","","0","66","0","0","0","0","0","0","0","0","208","251","249","334","362","411","432","481","591","639","669","707","760","779","811","864","768","813","874","945","979","1101","1089","1164","1,295","1,323","1,411","1,477","1,512","1,659","1,705","1,707","","","",""
"Halamish","חלמיש","42","212002","656976","32.00553409","35.12485274","1977","10.7","Binyamin","Community","560","","0","0","0","0","0","0","0","0","0","","","","","400","365","518","543","570","634","659","695","799","894","856","874","882","774","807","951","1,100","922","894","895","915","931","941","975","956","981","1054","1,090","1,153","1,144","1,172","1282","1278","1328","1,314","1,478","1,485","1,494","1,543","1,590","1,439","1,668","","","",""
"Chemdat","חמדת","43","249834","684251","32.25112034","35.52610264","1980","14.7","Jordan Valley","Community","130","","0","0","0","0","0","0","0","0","0","0","0","","","0","","0","0","0","0","0","0","0","0","0","0","0","0","0","0","0","0","0","0","107","120","140","147","163","163","176","178","174","186","182","209","233","230","248","278","296","310","343","361","386","370","","","",""
"Hamra","חמרה","44","241240","678389","32.19845554","35.43477025","1971","22.5","Jordan Valley","Moshav","-55","","0","0","","","","","","","","","","","","0","177","0","0","0","0","0","0","0","0","164","168","169","146","141","147","149","147","761","136","131","125","132","132","119","111","91","88","94","110","114","124","127","124","126","175","173","259","273","224","271","253","","","",""
"Hermesh","חרמש","45","211390","703293","32.42321009","35.11797781","1982","5","Shomron","Community","290","","0","0","0","0","0","0","0","0","0","0","0","","","0","0","0","0","0","0","0","0","0","0","124","142","179","224","248","259","272","279","256","246","229","229","212","202","201","210","177","184","180","189","191","203","219","223","215","228","224","230","236","245","284","243","","","",""
"Hashmonaim","חשמונאים","46","202357","648676","31.93057899","35.02291882","1985","0","Binyamin","Urban","190","","0","0","0","0","0","0","0","0","0","0","0","","","0","0","0","0","0","0","450","639","915","1,160","1,330","1,470","1,730","1,490","1,410","1,530","1,770","1,830","1,880","1,950","2,097","2,235","2,225","2,359","2,506","2,591","2588","2,610","2,643","2,573","2,661","2638","2762","2826","2,820","2,760","2,771","2,712","2,646","2,589","3,122","2,504","","","",""
"Tal Menashe","טל מנשה","47","215301","709798","32.48189537","35.15953033","2000","","Shomron","Community","","Officially part of Hinanit Legalized Outpost","0","0","0","0","0","0","0","0","0","0","0","","","0","","0","0","0","0","0","0","0","0","0","0","0","0","0","0","0","0","0","0","0","0","0","0","0","","","","","","","","","","","","","","","","","","","","",""
"Talmon","טלמון","48","213122","649489","31.9380241","35.13675138","1989","10.5","Binyamin","Community","560","","0","0","0","0","0","0","0","0","0","0","0","","","0","0","0","0","0","0","0","0","0","210","334","439","568","796","916","1,010","1,150","1,250","1,350","1,510","1,618","1,760","1,964","2,135","2,350","2,563","2580","2,797","3,073","3,202","3,321","3486","3704","3879","4,058","4,349","4,575","4,882","5,141","5,379","5,915","5,702","","","",""
"Tene","טנא","49","195895","587038","31.37457572","34.95606811","1983","2.3","Har Hebron","Community","550","","0","0","0","0","0","0","0","0","0","0","0","","","0","0","0","0","0","0","0","0","212","258","300","347","411","495","538","538","580","561","535","525","563","538","532","650","658","673","562","608","645","658","727","758","756","768","799","848","872","925","964","985","1,094","1,057","","","",""
"Yitav","ייט""ב","50","240187","650579","31.94768665","35.42300664","1970","24.7","Jordan Valley","Kibbutz","-100","","0","","","","","","","","","","","","","0","0","0","0","0","0","0","0","0","0","0","0","0","78","84","97","107","114","133","139","136","141","156","175","187","227","118","139","167","195","225","249","279","321","327","348","359","323","296","261","199","231","","","",""
"Yafit","יפית","51","244779","663166","32.06110656","35.47190479","1980","36","Jordan Valley","Moshav","-245","","0","0","0","0","0","0","0","0","0","0","0","","","0","0","0","0","0","0","0","0","0","0","121","124","132","100","109","114","118","125","122","102","95","101","99","104","111","127","107","107","106","124","126","136","149","139","164","197","203","218","221","225","279","219","","","",""
"Yitzhar","יצהר","52","222180","675036","32.16842842","35.23262035","1983","20.5","Shomron","Community","620","","0","0","0","0","0","0","0","0","0","0","0","","","0","0","0","0","0","0","0","0","0","0","189","200","231","226","254","291","328","329","342","398","440","534","590","673","743","864","895","982","1,106","1,172","1,220","1279","1380","1468","1,553","1,635","1,726","1,838","2,020","2,093","2,304","2,302","","","",""
"Yakir","יקיר","53","210990","672927","32.14937521","35.11399698","1981","11.2","Shomron","Community","390","","0","0","0","0","0","0","0","0","0","0","0","","","211","0","256","249","278","285","351","351","417","467","544","605","682","632","677","717","765","822","834","862","932","960","984","1,025","1,088","1,129","1207","1,285","1,463","1,645","1,716","1821","1863","1901","2,056","2,183","2,288","2,368","2,485","2,586","2,719","2,758","","","",""
"Kochav Ha'shachar","כוכב השחר","54","233028","651597","31.95697489","35.34729866","1977","20.5","Binyamin","Community","600","","0","0","0","0","0","0","0","0","","","","","","0","129","259","261","275","351","410","486","590","665","752","805","865","896","955","1,020","1,080","1,150","1,250","1,300","1,367","1,365","1,449","1,530","1,619","1,690","1423","1,557","1,596","1,548","1,596","1829","1945","1985","2,053","2,122","2,227","2,450","2,515","2,501","2,754","2,622","","","",""
"Kochav Ya'akov","כוכב יעקב","55","223405","642810","31.87780337","35.24547645","1985","7.7","Binyamin","Community","820","in 2023 splited into two settlements: Tel Zion and Kochav Yaacov","0","0","0","0","0","0","0","0","0","0","0","","","0","0","0","0","0","0","0","0","258","398","551","663","727","928","1,040","1,170","1,260","1,640","2,410","3,250","3,819","4,389","4,919","5,268","5,627","5,926","5811","6,006","6,340","6,476","6,694","6993","7313","7394","7,687","8,194","8,542","9,116","9,524","9,794","3,763","3,138","","","",""
"Kfar Adumim","כפר אדומים","56","232258","636655","31.82222655","35.33895851","1979","10.6","Binyamin","Community","350","","0","0","0","0","0","0","0","0","0","0","","","","237","253","413","419","479","522","559","644","750","867","966","1,010","1,120","1,280","1,380","1,430","1,590","1,690","1,750","1,790","1,866","2,006","2,127","2,312","2,542","2,686","3099","3,286","3,434","3,527","3,722","3952","4145","4271","4,381","4,513","4,674","4,785","4,927","4,957","5,019","5,123","","","",""
"Kfar Ha'oranim","כפר האורנים (מנורה)","57","203728","647319","31.91836781","35.03743741","1998","0","Binyamin","Urban","260","","0","0","0","0","0","0","0","0","0","0","0","","","0","0","0","0","0","0","0","0","0","0","0","0","0","0","0","132","332","768","971","1,240","","","1,804","1,917","2,028","2,172","2440","2,509","2,542","2,644","2,667","2668","2700","2678","2,708","2,664","2,658","2,614","2,607","2,604","2,342","2,550","","","",""
"Kfar Etzion","כפר עציון","58","210949","617608","31.65049561","35.11405101","1967","4.7","Gush Etzion","Kibbutz","955","","","","","","","","","","","","","","","415","390","422","446","461","466","455","556","561","529","532","543","556","418","400","415","421","427","402","408","404","416","422","448","455","476","818","804","872","975","1,022","1060","1071","1099","1,145","1,152","1,156","1,203","1,279","1,371","1,168","1,390","","","",""
"Kfar Tapuah","כפר תפוח","59","223742","669563","32.11906245","35.24914924","1978","24","Shomron","Community","670","","0","0","0","0","0","0","0","0","0","","","","","0","82","0","0","0","0","0","0","233","270","280","261","294","276","324","353","352","347","387","446","523","593","648","721","798","867","919","1,025","1,070","1,207","916","900","970","1071","1,166","1,238","1,312","1,473","1,522","1,639","1,606","1,673","","","",""
"Karmei Tzur","כרמי צור","60","209621","613032","31.60921782","35.10009787","1984","8.3","Gush Etzion","Community","950","","0","0","0","0","0","0","0","0","0","0","0","","","0","0","0","0","0","0","0","0","0","0","212","237","294","373","398","417","422","481","504","579","623","665","713","696","729","757","691","725","756","872","975","1011","1036","1047","1,037","1,021","1,001","995","964","980","1,003","997","","","",""
"Carmel","כרמל","61","217573","593281","31.43112458","35.18393853","1981","6.4","Har Hebron","Cooperative","740","","0","0","0","0","0","0","0","0","0","0","0","","","0","71","0","0","0","0","0","0","0","214","230","231","255","215","210","233","252","246","280","301","321","319","330","357","378","392","379","383","394","378","389","419","407","401","422","436","437","447","467","465","632","527","","","",""
"Mevo Dotan","מבוא דותן","62","216731","702903","32.41972509","35.17476135","1978","8.1","Shomron","Community","330","","0","0","0","0","0","0","0","0","0","","","","","0","98","0","0","0","0","0","0","215","235","241","271","307","308","307","308","314","310","295","279","289","287","303","311","315","313","281","280","272","276","272","330","364","386","393","403","448","479","509","612","683","699","","","",""
"Mevo Horon","מבוא חורון","63","203650","639501","31.84786093","35.03674629","1970","0.2","Binyamin","Cooperative","250","","0","","","","","","","","","","","","","253","275","302","307","323","352","347","348","359","430","453","464","495","491","505","493","494","497","537","599","712","827","950","1,037","1,169","1,327","1593","1,771","1,929","2,147","2,274","2425","2517","2566","2,589","2,650","2,669","2,686","2,694","2,669","2,590","2,730","","","",""
"Mevo'ot Jericho","מבואות יריחו","275","239675","645936","31.90581853","35.41749588","2019","","Jordan Valley","","","Established in 1999 as an illegal outpost. Legalized as an independent settlement in 2019.","","","","","","","","","","","","","","","","","","","","","","","","","","","","","","","","","","","","","","","","","","","","","","","","","","","","228","308","538","403","","","",""
"Migdal Oz","מגדל עוז","64","213654","616324","31.63893561","35.1425792","1977","7.4","Gush Etzion","Kibbutz","940","","0","0","0","0","0","0","0","0","","","","","","0","98","0","0","0","0","0","0","0","0","208","221","269","266","281","290","280","289","282","268","298","313","334","345","332","347","436","412","435","512","505","447","439","605","605","574","574","576","566","572","575","592","","","",""
"Migdalim","מגדלים","65","232561","666399","32.09046072","35.34255543","1983","32.7","Shomron","Community","790","","0","0","0","0","0","0","0","0","0","0","0","","","0","0","0","0","0","0","0","0","0","0","0","0","0","118","122","141","150","306","153","143","152","151","150","142","139","138","137","142","138","147","150","204","269","305","335","368","448","505","543","592","700","668","","","",""
"New Migron","מגרון החדשה","335","211346","618361","31.65728888","35.11822888","2012","","Binyamin","","","Officially part of Kochav Yaacov","","","","","","","","","","","","","","","","","","","","","","","","","","","","","","","","","","","","","","","","","","","","","","","","","","","","","","","","","","",""
"Modi'in Ilit","מודיעין עילית","66","204426","648780","31.93154542","35.04479887","1996","0.6","Modi'in Illit","Urban","280","","0","0","0","0","0","0","0","0","0","0","0","","","0","0","0","0","0","0","0","0","0","0","0","2,400","5,500","6,150","8,090","10,500","13,000","16,400","19,200","22,000","24,290","27,386","30,484","34,482","38,047","41,869","46245","48,639","52,060","55,494","60,046","63187","64179","66847","70,081","73,080","76,374","77,967","80,997","83,356","87,486","86,816","","","",""
"Mechola","מחולה","67","248752","696883","32.36505429","35.5150076","1968","2.9","Jordan Valley","Moshav","-180","","","","","","","","","","","","","","","300","293","340","327","340","325","303","315","324","244","250","268","272","265","283","302","315","306","302","311","327","360","362","351","357","373","377","400","421","429","436","467","471","517","537","575","609","629","649","688","760","742","","","",""
"Mechora","מכורה","68","239987","674204","32.16073712","35.42138783","1973","26.4","Jordan Valley","Moshav","225","","0","0","0","0","","","","","","","","","","0","133","0","0","248","118","99","0","114","122","132","135","129","105","113","115","120","113","119","119","125","119","120","114","112","117","122","131","116","112","129","138","141","142","136","161","166","178","185","179","250","186","","","",""
"Ma'on","מעון","69","215567","591258","31.41287556","35.16284645","1981","4.7","Har Hebron","Cooperative","770","","0","0","0","0","0","0","0","0","0","0","0","","","0","21","0","0","0","0","0","0","0","0","160","158","166","192","218","246","265","283","300","320","327","308","347","370","381","417","368","357","418","454","461","488","502","539","560","575","595","594","592","607","749","649","","","",""
"Ma'ale Adumim","מעלה אדומים","70","228775","632138","31.78152595","35.30213192","1975","4.5","Ma'ale Adumim","Urban","500","","0","0","0","0","0","0","","","","","","300","","1,700","3,504","9,340","10,300","11,100","11,800","12,700","13,500","14,600","15,200","16,900","18,400","19,300","18,700","20,300","22,200","23,800","24,900","25,800","26,500","27,259","28,923","30,162","31,754","33,019","33,821","34324","35,673","36,089","36,862","37,138","37404","37525","37670","37,817","38,193","38,154","37,847","37,555","38,046","36,680","38,097","","","",""
"Ma'ale Efraim","מעלה אפרים","71","238915","664067","32.06934098","35.40982663","1970","34.7","Jordan Valley","Urban","200","","0","","","","","","","","","","","","","900","909","1,110","1,140","1,230","1,320","1,300","1,430","1,540","1,550","1,480","1,470","1,590","1,420","1,420","1,430","1,460","1,480","1,390","1,430","1,443","1,456","1,423","1,384","1,377","1,390","1270","1,250","1,197","1,119","1,098","1145","1206","1209","1,205","1,241","1,261","1,256","1,318","1,377","1,695","1,419","","","",""
"Ma'ale Levona","מעלה לבונה","72","222865","662409","32.05455522","35.23983613","1983","21.8","Binyamin","Community","770","","0","0","0","0","0","0","0","0","0","0","0","","","0","0","0","0","0","0","0","0","218","233","307","301","334","368","432","452","447","445","442","462","497","514","545","556","559","584","713","686","720","724","734","758","766","826","813","866","906","945","976","1,018","967","1,084","","","",""
"Ma'ale Michmash","מעלה מכמש","73","229051","642985","31.87934507","35.30514708","1981","10.9","Binyamin","Community","590","","0","0","0","0","0","0","0","0","0","0","0","","","","134","","","216","214","238","280","368","421","489","539","589","525","624","671","753","826","905","945","980","1,055","1,126","1,184","1,229","1,261","1079","1,104","1,172","1,251","1,287","1319","1351","1323","1,402","1,463","1,529","1,635","1,691","1,744","2,131","1,903","","","",""
"Ma'ale Amos","מעלה עמוס","74","221825","611632","31.59662448","35.22870856","1981","14.1","Gush Etzion","Community","715","","0","0","0","0","0","0","0","0","0","0","0","","","0","209","0","0","0","0","248","251","305","364","387","388","352","321","342","328","342","336","300","258","299","319","340","344","326","348","264","255","264","332","323","352","384","390","421","535","663","720","822","906","1,279","1,190","","","",""
"Ma'ale Shomron","מעלה שומרון","75","206887","674770","32.16596079","35.07048586","1980","7.9","Shomron","Community","315","united with Karnei Shomron in 2020.","0","0","0","0","0","0","0","0","0","0","0","","","0","188","0","0","0","0","246","268","315","360","360","397","432","421","440","470","486","527","504","527","533","549","574","570","577","582","789","837","860","863","935","965","1015","1037","1,045","1,012","995","","","","","","","","",""
"Yatir (aka Metzadot Yehuda)","מצדות יהודה","76","210582","585697","31.36269231","35.11047576","1983","0.2","Har Hebron","Community","780","","0","0","0","0","0","0","0","0","0","0","0","","","0","96","0","0","0","0","0","0","0","257","322","327","355","337","368","404","412","422","417","420","412","425","431","462","474","469","382","379","399","414","437","478","467","466","492","512","550","603","634","696","796","722","","","",""
"Mitzpe Eshtamoa","מצפה אשתמוע","286","201539","589046","31.39279258","35.01536251","","","Har Hebron","","","Officially part of Shima Legalized Outpost","","","","","","","","","","","","","","","","","","","","","","","","","","","","","","","","","","","","","","","","","","","","","","","","","","","","","","","","","","",""
"Mitzpe Yericho","מצפה יריחו","77","237406","636134","31.81746042","35.39332575","1978","15.3","Binyamin","Community","160","","0","0","0","0","0","0","0","0","0","","","","","0","159","273","315","338","388","398","433","514","561","623","678","762","938","1,040","1,070","1,160","1,210","1,310","1,370","1,430","1,469","1,536","1,641","1,701","1,792","1754","1,851","1,946","2,115","2,164","2270","2307","2319","2,394","2,453","2,560","2,577","2,638","2,657","2,895","2,887","","","",""
"Mitzpe Shalem","מצפה שלם","78","238153","608435","31.56764376","35.40068456","1971","7.8","Megilot","Kibbutz","-250","","0","0","","","","","","","","","","","","0","70","0","0","0","0","0","0","0","0","0","200","208","193","201","207","208","210","207","191","193","192","180","169","171","172","164","166","164","173","173","171","173","174","184","211","207","244","238","243","279","242","","","",""
"Masu'a","משואה","79","246614","668097","32.10552755","35.49146972","1970","30","Jordan Valley","Moshav","-255","","0","","","","","","","","","","","","","0","160","221","230","208","210","0","0","0","0","222","210","200","132","131","135","140","148","143","142","145","140","136","142","136","143","136","141","148","153","149","149","148","162","161","170","184","180","263","297","434","364","","","",""
"Maskiyot","משכיות","80","247601","691662","32.31800448","35.50261742","","8.5","Jordan Valley","Community","30","","0","0","0","0","0","0","0","0","0","0","0","","","0","","0","0","0","0","0","0","0","0","0","0","0","0","0","0","0","0","0","0","0","0","0","0","0","","","","72","135","159","192","206","253","276","286","310","333","341","343","389","373","","","",""
"Matityahu","מתיתיהו","337","203212","648612","31.93001428","35.03196815","1981","0","Binyamin","Cooperative","290","","0","0","0","0","0","0","0","0","0","0","0","","","0","85","0","0","0","215","227","218","195","187","245","2,380","4,440","0","0","1,560","1,410","1,380","1,370","1,380","1,365","1,347","1,353","1,355","1,371","1,382","457","465","484","568","607","663","698","772","802","847","891","898","922","920","1,144","969","","","",""
"Negohot","נגוהות","82","198299","600178","31.49313845","34.98106426","1999","2.6","Har Hebron","Community","0","","0","0","0","0","0","0","0","0","0","0","0","","","0","0","0","0","0","0","0","0","0","0","0","0","0","0","0","0","0","0","0","0","134","135","150","172","182","194","223","245","266","258","277","271","288","289","332","356","352","376","468","514","534","566","","","",""
"Neve Daniel","נווה דניאל","83","213571","620621","31.67768305","35.14167946","1982","4.2","Gush Etzion","Community","930","","0","0","0","0","0","0","0","0","0","0","0","","","0","69","0","0","0","0","0","252","326","391","491","576","655","603","691","780","868","933","977","1,020","1,073","1,225","1,467","1,609","1,760","1,883","1735","1,824","1,978","2,058","2,149","2174","2275","2278","2,370","2,315","2,322","2,340","2,360","2,354","2,433","2,383","","","",""
"Nofei Prat","נופי פרת","84","230544","636746","31.82306637","35.32085269","1992","8.8","Binyamin","Community","","Officially part of Kfar Adumim","0","0","0","0","0","0","0","0","0","0","0","","","0","","0","0","0","0","0","0","0","0","0","0","0","0","0","0","0","0","0","0","0","0","0","0","0","","","","","","","","","","","","","","","","","","","","",""
"Nofim","נופים","85","209776","673502","32.15454858","35.10112532","1987","10.5","Shomron","Urban","400","","0","0","0","0","0","0","0","0","0","0","0","","","0","0","0","0","0","0","0","0","0","223","261","270","286","309","323","343","362","385","388","398","402","414","400","409","406","410","409","421","433","437","464","549","638","690","720","794","865","949","1,042","1,174","1,392","1,315","","","",""
"Nokdim","נוקדים","86","223437","617119","31.64611305","35.24571308","1982","8.2","Gush Etzion","Community","570","","0","0","0","0","0","0","0","0","0","0","0","","","0","34","0","0","0","0","0","0","0","212","265","316","348","305","330","435","526","611","618","615","646","674","729","782","828","886","1308","1,413","1,461","1,561","1,708","1836","1937","2052","2,160","2,250","2,383","2,590","2,764","3,094","3,327","3,524","","","",""
"Nahalei Tal (Kerem Reim)","נחלי טל (כרם רעים)","339","213004","651686","31.95783543","35.13548605","2012","","Binyamin","","","Officially part of Talmon Legalized Outpost","","","","","","","","","","","","","","","","","","","","","","","","","","","","","","","","","","","","","","","","","","","","","","","","","","","","","","","","","","",""
"Nahliel","נחליאל","87","213406","653450","31.97375144","35.13973157","1984","11.6","Binyamin","Community","590","","0","0","0","0","0","0","0","0","0","0","0","","","0","0","0","0","0","0","0","0","0","0","220","214","227","215","230","215","230","244","221","231","248","282","264","278","335","374","392","412","464","496","548","583","665","639","663","713","725","735","737","743","724","747","","","",""
"Nili","ניל""י","341","204485","652213","31.96251351","35.04537417","1981","3.8","Binyamin","Community","360","","0","0","0","0","0","0","0","0","0","0","0","","","0","155","223","242","245","292","302","329","360","377","412","440","517","539","599","639","666","721","754","769","806","829","852","886","912","913","846","846","884","968","1,076","1276","1438","1552","1,597","1,714","1,786","1,848","1,878","2,059","2,203","2,148","","","",""
"Nirit","נירית","89","198870","672885","32.14884188","34.98553254","","0","Alfei Menashe","Community","","a town inside Israel that has expanded into the West Bank - the part in the West Bank is officially part of Alfei Menashe","0","0","0","0","0","0","0","0","0","0","0","","","0","","0","0","0","0","0","0","0","0","0","0","0","0","0","0","0","0","0","0","0","0","0","0","0","","","","","","","","","","","","","","","","","","","","",""
"Niran","נירן","90","243392","652791","31.96757117","35.45695828","1977","28.3","Jordan Valley","Kibbutz","-165","","0","0","0","0","0","0","0","0","","","","","","0","99","0","0","0","0","0","0","0","0","0","0","0","67","62","58","45","56","58","56","52","53","49","52","56","54","54","52","58","69","71","81","85","91","92","92","101","105","104","109","146","128","","","",""
"Na'ale","נעלה","91","206174","652273","31.96306953","35.06323287","1988","4.9","Binyamin","Community","420","","0","0","0","0","0","0","0","0","0","0","0","","","0","0","0","0","0","0","0","0","0","0","139","149","140","127","125","104","105","137","334","492","556","600","623","655","710","749","935","1,035","1,094","1,203","1,324","1441","1573","1661","1,804","1,942","2,148","2,343","2,608","2,839","2,834","2,955","","","",""
"Na'ama","נעמי (נעמה)","92","244273","646360","31.90955916","35.46611061","1982","25.6","Jordan Valley","Moshav","-200","","0","0","0","0","0","0","0","0","0","0","0","","","0","23","0","0","0","0","0","0","0","0","106","122","129","131","132","133","133","127","129","129","123","127","130","129","128","122","102","100","95","98","100","107","118","116","135","151","166","169","194","247","311","291","","","",""
"Nerya","נריה","302","212363","650987","31.95153097","35.12871004","1991","","Binyamin","Community","","Officially part of Talmon","0","0","0","0","0","0","0","0","0","0","0","","","","","","","","","","","","","","","","","","","","","","","","","","","","","","","","","","","","","","","","","","","","","","","",""
"Netiv Ha'gdud","נתיב הגדוד","94","242258","655094","31.98835865","35.44501232","1976","29","Jordan Valley","Moshav","-220","","0","0","0","0","0","0","0","","","","","","","0","155","0","0","0","0","0","0","0","0","205","201","194","139","136","145","143","139","133","132","120","132","127","125","114","108","175","186","176","162","170","179","181","190","191","199","212","222","220","214","214","211","","","",""
"Susiya","סוסיה","95","210555","588766","31.39036845","35.11015707","1983","3.2","Har Hebron","Community","800","","0","0","0","0","0","0","0","0","0","0","0","","","0","0","0","0","0","0","0","0","203","234","260","269","282","359","383","415","468","482","525","585","643","663","700","737","754","792","841","923","971","950","978","1014","1041","1115","1,170","1,301","1,339","1,237","1,376","1,602","1,567","1,695","","","",""
"Sal'it","סלעית","96","204713","683311","32.24294933","35.04730535","1977","1.8","Shomron","Moshav","270","","0","0","0","0","0","0","0","0","","","","","","0","0","236","256","278","296","298","312","319","325","326","329","340","305","325","339","377","410","425","439","441","443","447","429","474","465","498","525","524","542","558","604","693","818","1,010","1,190","1,331","1,409","1,426","1,450","1,437","1,483","","","",""
"Sansana","סנסנה","305","190717","585809","31.36337983","34.90167334","1999","0","Har Hebron","Community","","Legalized Outpost","0","0","0","0","0","0","0","0","0","0","0","","","","","","","","","","","","","","","","","","","","","","","","","","","","","","","","","245","284","334","377","408","458","519","577","665","716","842","719","","","",""
"Ofarim","עופרים","98","204373","658397","32.01827337","35.04408859","1989","3.3","Beit Arye","Urban","","United with Beit Arye to one municipal council in 2004","0","0","0","0","0","0","0","0","0","0","0","","","0","0","0","0","0","0","0","0","0","0","0","0","0","351","476","516","623","686","763","810","870","0","0","0","0","","","","","","","","","","","","","","","","","","","","",""
"Ateret","עטרת","99","216927","656409","32.00044276","35.17697767","1981","16","Binyamin","Community","720","","0","0","0","0","0","0","0","0","0","0","0","","","0","72","0","0","0","0","0","0","0","0","213","230","253","242","260","268","287","302","307","320","349","350","373","406","438","469","763","770","740","775","803","848","894","875","897","913","900","943","954","891","716","932","","","",""
"Eli","עלי","100","225382","664441","32.07286779","35.26650281","1984","23.7","Binyamin","Community","710","","0","0","0","0","0","0","0","0","0","0","0","","","0","0","0","0","0","0","0","0","205","370","505","647","759","959","1,230","1,520","1,730","1,900","1,830","1,960","2,058","2,308","2,420","2,530","2,625","2,771","2928","3,108","3,220","3,521","3,649","3947","4092","4233","4,281","4,311","4,415","4,600","4,613","4,701","4,746","4,814","","","",""
"Alei Zahav","עלי זהב","101","206250","664299","32.07152409","35.06386928","1982","5","Shomron","Community","360","","0","0","0","0","0","0","0","0","0","0","0","","","0","62","0","0","0","0","0","0","234","268","315","313","353","308","339","350","355","391","408","414","424","429","684","723","772","851","458","498","690","462","737","983","1300","1643","2,133","2,739","3,398","3,828","4,279","4,647","5,253","5,018","","","",""
"Almon","עלמון","102","227988","637325","31.8283096","35.29385863","1982","6.9","Binyamin","Community","590","","0","0","0","0","0","0","0","0","0","0","0","","","0","42","0","0","0","0","0","224","330","381","396","472","523","561","587","627","672","698","706","721","726","739","762","808","854","925","827","893","1,033","1,132","1,190","1214","1286","1329","1,391","1,378","1,421","1,441","1,441","1,467","1,513","1,434","","","",""
"Amihai","עמיחי","1062","231228","661434","32.04570654","35.32838394","2018","30","Binyamin","Community","","Government Decision on 30/3/2017; https://peacenow.org.il/en/what-is-a-declaration-of-state-land","","","","","","","","","","","","","","","","","","","","","","","","","","","","","","","","","","","","","","","","","","","","","","","198","209","208","238","264","368","318","","","",""
"Immanuel","עמנואל","103","213194","674188","32.16076285","35.13735136","1983","13.2","Immanuel","Urban","400","","0","0","0","0","0","0","0","0","0","0","0","","","0","0","1,510","1,730","1,960","2,280","2,480","2,590","2,900","3,150","3,240","3,360","3,500","3,110","3,260","3,290","3,150","3,040","2,700","2,350","2,455","2,585","2,583","2,678","2,775","2,890","2901","2,948","2,952","3,013","3,115","3197","3253","3309","3,440","3,693","3,906","4,128","4,372","4,656","5,451","5,142","","","",""
"Enav","ענב","104","211977","687903","32.28443416","35.12434368","1981","8.8","Shomron","Community","300","","0","0","0","0","0","0","0","0","0","0","0","","","0","89","0","0","0","0","0","277","321","338","339","345","333","396","424","449","504","500","498","492","473","468","538","571","569","568","566","604","620","662","684","691","711","749","800","859","891","925","983","1,062","1,172","1,146","","","",""
"Ofra","עפרה","105","225249","650679","31.94875795","35.26500599","1975","15.1","Binyamin","Community","820","","0","0","0","0","0","0","","","","","","","","475","508","660","770","791","817","846","936","1,020","1,160","1,210","1,270","1,330","1,310","1,420","1,800","1,870","1,880","2,020","2,060","2,214","2,264","2,384","2,531","2,664","2,735","3183","3,296","3,400","3,489","3,552","3137","3189","3605","3,607","3,039","3,043","3,012","3,025","3,497","3,191","3,488","","","",""
"Etz Efraim","עץ אפרים","106","204502","669470","32.11813715","35.04528296","1985","4.9","Shomron","Urban","200","United with Sha'arei Tikva in 2022, called: Sha'ar Shomron","0","0","0","0","0","0","0","0","0","0","0","","","0","0","0","0","0","0","0","0","0","0","217","237","269","350","428","464","500","525","575","606","617","627","642","679","704","716","731","760","806","864","1,225","1550","1822","2022","2,204","2,292","2,427","2,460","2,518","","","","","","",""
"Otniel","עתניאל","107","202884","594109","31.43847076","35.02941998","1983","8.3","Har Hebron","Community","710","","0","0","0","0","0","0","0","0","0","0","0","","","0","0","0","0","0","0","0","0","0","216","216","230","315","432","484","507","553","560","571","619","698","692","747","752","763","758","802","787","846","927","953","862","909","976","1,003","1,037","1,044","980","994","1,041","1,016","1,049","","","",""
"Pedu'el","פדואל","108","205073","663169","32.0613173","35.05142421","1984","4.5","Shomron","Moshav","380","","0","0","0","0","0","0","0","0","0","0","0","","","0","0","0","0","0","0","0","0","265","323","342","421","498","633","710","747","834","885","899","1,010","1,088","1,219","1,113","1,116","1,168","1,227","1096","1,185","1,246","1,315","1,371","1475","1622","1682","1,746","1,910","2,009","2,044","2,098","2,084","2,214","2,114","","","",""
"Pnei Hever","פני חבר","109","215804","599322","31.48560108","35.16530933","1982","12.5","Har Hebron","Community","740","","0","0","0","0","0","0","0","0","0","0","0","","","0","0","0","0","0","0","0","0","0","0","104","98","121","238","256","267","266","304","339","355","376","377","375","392","396","421","370","380","380","398","431","423","432","548","561","586","635","678","729","743","622","757","","","",""
"Psagot","פסגות","110","221508","644970","31.89728744","35.2254312","1981","9.6","Binyamin","Community","860","","0","0","0","0","0","0","0","0","0","0","0","","","0","209","322","343","411","444","506","536","673","727","751","778","864","867","910","994","1,030","1,090","1,070","1,180","1,278","1,388","1,464","1,489","1,545","1,623","1563","1,658","1,693","1,728","1,775","1904","1902","1847","1,848","1,903","1,881","2,037","2,077","2,086","2,208","2,155","","","",""
"Petzael","פצאל","111","241959","661235","32.04374544","35.44199672","1975","34.5","Jordan Valley","Moshav","-235","","0","0","0","0","0","0","","","","","","","","0","191","232","242","246","274","286","295","295","292","309","311","315","233","238","224","228","224","220","216","213","215","215","214","217","211","205","214","209","216","223","244","250","257","262","283","304","322","361","371","534","393","","","",""
"Tzofim","צופים","112","201156","678371","32.19835528","35.00965823","1989","1.8","Shomron","Urban","160","","0","0","0","0","0","0","0","0","0","0","0","","","0","0","0","0","0","0","0","0","0","0","474","542","566","693","731","759","794","857","890","997","1,040","1,048","1,043","1,082","1,143","1,181","1129","1,251","1,338","1,484","1,622","1815","1976","2087","2,188","2,369","2,406","2,433","2,489","2,553","2,568","2,700","","","",""
"Kedumim","קדומים","113","215305","680550","32.21814185","35.15970426","1977","12.5","Kedumim","Community","405","","0","0","0","0","0","0","0","0","","","","","","810","811","1,110","1,240","1,390","1,490","1,570","1,680","1,850","1,970","2,050","2,130","2,200","2,150","2,330","2,400","2,540","2,660","2,740","2,800","2,934","3,010","3,087","3,208","3,382","3,463","3774","3,877","3,904","4,124","4,174","4187","4338","4323","4,481","4,596","4,545","4,586","4,590","4,548","4,539","4,600","","","",""
"Keidar","קדר","114","229450","629048","31.75365668","35.30922681","1985","6","Gush Etzion","Community","530","","0","0","0","0","0","0","0","0","0","0","0","","","0","0","0","0","0","0","0","0","0","0","185","198","220","292","319","371","393","447","538","585","624","658","728","782","801","852","960","1,028","1,138","1,246","1,294","1384","1490","1555","1,590","1,565","1,599","1,619","1,617","1,649","1,535","1,624","","","",""
"Kalia","קליה","115","244343","628727","31.75053738","35.46639899","1968","20.8","Megilot","Kibbutz","-360","","","","","","","","","","","","","","","0","102","0","0","0","0","0","245","242","222","228","247","256","248","265","256","262","260","264","257","260","260","271","266","274","281","300","306","324","360","374","390","394","386","399","416","437","464","489","490","550","514","","","",""
"Kiryat Arba","קרית ארבע","116","211570","604926","31.53612397","35.12070662","1972","15.2","Kiryat Arba","Urban","945","","0","0","0","","","","","","","","","3,000","3,100","3,340","2867","3,670","3,600","3,700","3,750","3,870","4,290","4,670","4,910","5,070","5,120","5,220","5,810","6,030","6,190","6,240","6,380","6,440","6,580","6,605","6,651","6,819","6,958","7,039","7,226","7096","7,248","7,433","7,593","7,166","6951","7109","7272","7,339","7,323","7,326","7,338","7,498","7,490","7,572","7,601","","","",""
"Kiryat Netafim","קרית נטפים","117","210756","669285","32.1165356","35.11155308","1983","10.7","Shomron","Community","445","","0","0","0","0","0","0","0","0","0","0","0","","","0","0","0","0","0","0","0","0","0","0","194","159","157","179","190","224","240","299","306","344","384","419","438","472","479","545","634","690","744","749","758","824","865","910","929","937","958","964","991","1,009","880","999","","","",""
"Karnei Shomron","קרני שומרון","118","209295","675452","32.17213056","35.09600757","1978","9","Karnei Shomron","Urban","340","","0","0","0","0","0","0","0","0","0","","","","","605","636","1,490","1,970","2,610","2,930","3,240","3,520","3,770","4,100","4,330","4,820","5,040","5,000","5,290","5,370","5,590","5,890","6,040","6,100","6,093","6,170","6,280","6,333","6,439","6,559","6210","6,284","6,449","6,570","6,560","6650","6905","7102","7,369","7,713","8,135","9,417","9,662","9,920","10,354","10,179","","","",""
"Rosh Tzurim","ראש צורים","119","211823","619499","31.66755526","35.12324999","1969","3.9","Gush Etzion","Kibbutz","940","","","","","","","","","","","","","","","0","210","235","232","248","261","279","269","246","232","245","269","269","251","292","299","290","265","244","247","263","298","364","422","470","550","555","606","730","855","908","910","915","934","934","926","933","947","948","978","1,115","1,056","","","",""
"Revava","רבבה","120","212225","669518","32.11864322","35.12711942","1991","12.3","Shomron","Community","420","","0","0","0","0","0","0","0","0","0","0","0","","","0","0","0","0","0","0","0","0","0","0","0","108","145","221","282","332","389","504","552","633","703","738","827","909","989","1,075","1113","1,262","1,395","1,545","1,682","1805","1974","2181","2,389","2,466","2,632","2,786","2,908","2,950","3,195","3,060","","","",""
"Ro'i","רועי","121","245781","684074","32.24962569","35.48308555","1976","15","Jordan Valley","Moshav","30","","0","0","0","0","0","0","0","","","","","","","0","102","0","0","0","0","0","0","0","0","152","158","163","115","127","127","133","141","131","122","118","115","117","128","126","122","150","157","153","154","148","153","162","165","168","169","175","170","171","170","154","175","","","",""
"Rotem","רותם","122","249065","693679","32.33615721","35.51822739","2001","5.9","Jordan Valley","Community","40","","0","0","0","0","0","0","0","0","0","0","0","","","0","","0","0","0","0","0","0","0","0","0","0","0","0","0","0","0","0","0","0","0","0","0","0","0","","","","","110","131","157","168","196","207","212","228","242","262","275","311","289","","","",""
"Rechelim","רחלים","123","224095","667445","32.09996696","35.25288315","1991","24","Shomron","Community","","Legalized Outpost","0","0","0","0","0","0","0","0","0","0","0","","","0","","0","0","0","0","0","0","0","0","0","0","0","0","0","0","0","0","0","0","0","0","0","0","0","","","","","","414","529","583","668","747","790","802","906","975","1,062","1,189","1,175","","","",""
"Reihan","ריחן","124","213122","708401","32.46928592","35.1363536","1977","1.5","Shomron","Community","380","","0","0","0","0","0","0","0","0","","","","","","0","51","0","0","0","0","0","0","0","0","0","111","105","90","103","99","100","120","125","131","129","148","150","153","158","171","164","177","181","174","185","183","213","224","265","308","329","352","384","408","499","445","","","",""
"Rimonim","רימונים","125","232357","648974","31.93332376","35.34016642","1977","18.2","Binyamin","Community","680","","0","0","0","0","0","0","0","0","","","","","","0","86","0","0","0","0","0","0","0","361","399","406","426","389","390","434","474","499","725","509","512","536","561","565","619","602","616","632","566","572","544","564","598","625","675","687","700","698","715","707","707","688","","","",""
"Shvut Rachel","שבות רחל","126","229598","662162","32.05228336","35.31112405","1991","29","Binyamin","Community","","Officially part of Shilo Legalized Outpost","0","0","0","0","0","0","0","0","0","0","0","","","","","","","","","","","","","","","","","","","","","","","","","","","","","","","","","","","","","","","","","","","","","","","",""
"Shavei Shomron","שבי שומרון","127","217447","685571","32.26343117","35.18241892","1977","13.3","Shomron","Community","350","","0","0","0","0","0","0","0","0","","","","","","220","267","341","361","385","402","419","476","536","559","613","606","619","574","592","592","569","573","525","563","604","539","606","631","650","692","712","688","728","745","784","863","879","897","900","929","977","1,031","1,050","1,083","1,110","1,112","","","",""
"Shadmot Mehola","שדמות מחולה","128","250559","694866","32.34682063","35.53413887","1979","3.4","Jordan Valley","Cooperative","-155","","0","0","0","0","0","0","0","0","0","0","","","","0","0","0","0","0","0","0","0","0","230","252","258","279","330","348","370","400","399","449","487","507","517","516","536","542","538","493","494","508","512","540","544","553","608","652","645","666","665","677","702","731","699","","","",""
"Shilo","שילה","129","228215","662131","32.05201339","35.29648891","1979","27.1","Binyamin","Community","700","","0","0","0","0","0","0","0","0","0","0","","","","340","325","447","505","562","608","627","673","749","809","866","915","1,010","1,250","1,360","1,450","1,490","1,580","1,620","1,710","1,810","1,825","1,945","2,068","2,171","2,303","2005","2,172","2,407","2,706","2,948","3113","3379","3727","3,988","4,153","4,356","4,483","4,783","5,072","5,737","5,458","","","",""
"Shim'a","שמעה","130","201082","588332","31.38634554","35.01057314","1985","2.9","Har Hebron","Community","615","","0","0","0","0","0","0","0","0","0","0","0","","","0","0","0","0","0","0","0","0","0","0","0","0","0","221","237","273","263","296","336","340","357","344","349","368","370","376","304","316","315","375","404","475","538","592","649","714","741","812","886","938","1,015","1,008","","","",""
"Shani","שני","131","206668","585142","31.35764549","35.0693375","1981","0","Shimon","Community","","a town in Israel expanded into the West Bank","0","0","0","0","0","0","0","0","0","0","0","","","0","","0","0","0","0","0","0","0","0","0","0","0","0","0","0","0","0","0","0","0","0","0","0","0","","","","","","","","","","","","","","","","","","","","",""
"Shaar Shomron","שער שומרון","1169","203375","669900","32.1219039","35.0337725","2022","","Shaar Shomron","Urban","","Unification of Etz Efrayim and Shaarei Tikva to an independent municipality","","","","","","","","","","","","","","","","","","","","","","","","","","","","","","","","","","","","","","","","","","","","","","","","","","","","","8,820","8,839","9,027","","","",""
"Sha'arei Tikva","שערי תקווה","132","202669","669938","32.12232687","35.02585013","1983","2.7","Shomron","Urban","185","United with Etz Efraim in 2022, called: Sha'ar Shomron","0","0","0","0","0","0","0","0","0","0","0","","","0","7","228","371","562","725","905","1,160","1,390","1,610","1,810","2,010","2,260","2,430","2,740","3,030","3,220","3,380","3,510","3,650","3,692","3,685","3,709","3,773","3,931","4,084","4493","4,727","4,930","5,100","5,259","5451","5638","5811","5,921","6,011","6,040","6,056","6,124","","","","","","",""
"Shaked","שקד","133","216062","708894","32.47374672","35.16763436","1981","2.9","Shomron","Community","415","","0","0","0","0","0","0","0","0","0","0","0","","","0","110","0","0","0","291","307","336","351","379","393","409","455","413","439","447","468","497","522","539","524","509","527","536","525","546","614","661","686","724","744","779","851","864","936","972","961","1,018","1,081","1,128","1,147","1,149","","","",""
"Tomer","תומר","134","241613","658386","32.01806005","35.43826319","1978","31.2","Jordan Valley","Moshav","-220","","0","0","0","0","0","0","0","0","0","","","","","0","0","0","0","0","0","0","248","269","271","284","290","291","263","283","298","307","308","303","303","298","296","281","282","290","282","233","234","236","228","226","232","247","262","266","283","276","287","302","310","420","321","","","",""
"Telem","תלם","135","202903","608073","31.56441423","35.02938693","1982","7.4","Har Hebron","Community","720","","0","0","0","0","0","0","0","0","0","0","0","","","0","0","0","0","0","0","0","0","0","0","73","80","83","69","88","96","101","97","93","76","127","141","152","167","192","176","217","241","262","241","261","278","336","362","391","432","445","478","520","540","581","574","","","",""
"Tko'a","תקוע","136","221827","617861","31.65280298","35.22873585","1977","8.4","Gush Etzion","Community","675","","0","0","0","0","0","0","0","0","","","","","","0","188","279","303","360","372","400","474","558","630","714","776","813","825","869","906","948","980","998","1,040","1,116","1,179","1,243","1,343","1,455","1,635","1596","1,808","2,157","2,518","2,752","3200","3495","3633","3,750","3,882","4,076","4,168","4,315","4,326","4,688","4,503","","","",""
"Tel Zion","תל ציון","1231","222587","642791","","","2000","","Binyamin","Urban","","In 2023 splited from the settlement of Kochav Yaacov","","","","","","","","","","","","","","","","","","","","","","","","","","","","","","","","","","","","","","","","","","","","","","","","","","","","","6,692","6,692","6,916","","","",""
