"Name","Name Hebrew","DB_ID","Settlement Type","Established Year","Established","x (ITM)","y (ITM)","x (UTM)","y(UTM)","Nearest Settlemet","District","Municipality","","","","","","","","","","","","","","","","","","","","","","","","","","","",""
"Nof Nesher - Talya Farm","נוף נשר - חוות טליה","300","Outpost","1996","January 1996","211669","586067","31.366039","35.12189","Yatir (aka Metzadot Yehuda)","Hebron","Har Hebron","","","","","","","","","","","","","","","","","","","","","","","","","","","",""
"Hanekuda","הנקודה","255","Outpost","1996","","230291","675127","32.169194","35.318612","Itamar","Nablus","Shomron","","","","","","","","","","","","","","","","","","","","","","","","","","","",""
"Har Hemed","הר חמד","257","Outpost","1996","","214501","681877","32.230107","35.151163","Kedumim","Qalqiliya","Kedumim","","","","","","","","","","","","","","","","","","","","","","","","","","","",""
"Nahalat Ami","נחלת עמי","1209","Outpost","1996","","203230","594162","31.438937","35.033134","Otniel","Hebron","Har Hebron","","","","","","","","","","","","","","","","","","","","","","","","","","","",""
"Ma'ale Yisrael","מעלה ישראל","283","Outpost","1997","","210056","669127","32.115099","35.10414","Barqan","Salfit","Shomron","","","","","","","","","","","","","","","","","","","","","","","","","","","",""
"Ahiya","אחיה","224","Outpost","1997","July 1997","231132","663076","32.060513","35.327384","Shvut Rachel","Ramallah","Binyamin","","","","","","","","","","","","","","","","","","","","","","","","","","","",""
"Givat Barkai - Mizpe Jericho East","גבעת ברקאי - מצפה יריחו מזרח","291","Outpost","1997","","238224","636752","31.823026","35.401979","Mitzpe Jericho","Jericho","Binyamin","","","","","","","","","","","","","","","","","","","","","","","","","","","",""
"Bat Ayin East","בת עין מזרח","235","Outpost","1998","January 1998","210358","617874","31.65289","35.107815","Bat Ayin","Bethlehem","Gush Etzion","","","","","","","","","","","","","","","","","","","","","","","","","","","",""
"Lehavat Yitzhar","להבת יצהר","273","Outpost","1998","January 1998","223456","674458","32.163212","35.246139","Yizhar","Nablus","Shomron","","","","","","","","","","","","","","","","","","","","","","","","","","","",""
"Mitzpe Yair","מצפה יאיר","289","Outpost","1998","January 1998","212890","587974","31.383241","35.134714","Susiya","Hebron","Har Hebron","","","","","","","","","","","","","","","","","","","","","","","","","","","",""
"Nof Harim","נוף הרים","299","Outpost","1998","January 1998","226555","664744","32.075592","35.27893","Eli","Nablus","Binyamin","","","","","","","","","","","","","","","","","","","","","","","","","","","",""
"Givat Hahish","גבעת החי""ש","246","Outpost","1998","October 1998","212588","618132","31.655233","35.131328","Alon Shvut","Bethlehem","Gush Etzion","","","","","","","","","","","","","","","","","","","","","","","","","","","",""
"Bracha A","ברכה א","352","Outpost","1998","December 1998","224270","677743","32.192829","35.254789","Bracha","Nablus","Shomron","","","","","","","","","","","","","","","","","","","","","","","","","","","",""
"Yanukh Hill 836","גבעת ינוח 836","241","Outpost","1998","December 1998","234248","674719","32.165477","35.360554","Itamar","Nablus","Shomron","","","","","","","","","","","","","","","","","","","","","","","","","","","",""
"Mount Gideon Hill 851","הר גדעון גבעה 851","242","Outpost","1998","December 1998","231954","674766","32.166424","35.337099","Itamar","Nablus","Shomron","","","","","","","","","","","","","","","","","","","","","","","","","","","",""
"Gva'ot Olam","גבעות עולם","243","Outpost","1998","December 1998","233432","674105","32.159946","35.351898","Itamar","Nablus","Shomron","","","","","","","","","","","","","","","","","","","","","","","","","","","",""
"Givat Harel","גבעת הראל","247","Outpost","1998","December 1998","226095","662860","32.058602","35.274044","Shilo","Nablus","Binyamin","","","","","","","","","","","","","","","","","","","","","","","","","","","",""
"Hahar","ההר","252","Outpost","1998","December 1998","208183","688223","32.287291","35.084059","Avne Hefez","Tul Karem","Shomron","","","","","","","","","","","","","","","","","","","","","","","","","","","",""
"Adei Ad","עדי עד","306","Outpost","1998","December 1998","231835","660822","32.04018","35.334802","Shvut Rachel","Ramallah","Binyamin","","","","","","","","","","","","","","","","","","","","","","","","","","","",""
"Hayovel","היובל","254","Outpost","1998","","227025","664223","32.070888","35.283895","Eli","Nablus","Binyamin","","","","","","","","","","","","","","","","","","","","","","","","","","","",""
"Ahavat Hayim","אהבת חיים","222","Outpost","1999","January 1999","232451","651687","31.957796","35.341201","kochav Hashahar","Ramallah","Binyamin","","","","","","","","","","","","","","","","","","","","","","","","","","","",""
"Alonei Shilo","אלוני שילה","226","Outpost","1999","January 1999","211603","674483","32.163411","35.120487","Karnei Shomron","Qalqiliya","Karnei Shomron","","","","","","","","","","","","","","","","","","","","","","","","","","","",""
"Arnon Hill 777","גבעת ארנון 777","239","Outpost","1999","January 1999","234980","673546","32.154887","35.368305","Itamar","Nablus","Shomron","","","","","","","","","","","","","","","","","","","","","","","","","","","",""
"Ma'ale Hagit","מעלה חגית","282","Outpost","1999","January 1999","232035","639840","31.850959","35.336649","Maale Michmash","Ramallah","Binyamin","","","","","","","","","","","","","","","","","","","","","","","","","","","",""
"Sneh Ya'akov","סנה יעקב","304","Outpost","1999","January 1999","224849","676060","32.177646","35.26092","Bracha","Nablus","Shomron","","","","","","","","","","","","","","","","","","","","","","","","","","","",""
"Alumot Farm Hill 782","חוות אלומות - גבעה 782","240","Outpost","1999","May 1999","231542","674055","32.159516","35.331865","Itamar","Nablus","Shomron","","","","","","","","","","","","","","","","","","","","","","","","","","","",""
"Magen Dan","מגן דן","276","Outpost","1999","May 1999","202154","668450","32.108897","35.020413","Elqana","Qalqiliya","Elkana","","","","","","","","","","","","","","","","","","","","","","","","","","","",""
"Shalhevet Farm","אחוזת שלהבת","223","Outpost","1999","","221226","675425","32.171931","35.222501","Yizhar","Nablus","Shomron","","","","","","","","","","","","","","","","","","","","","","","","","","","",""
"Skali's Farm - Porat Yosef","החוה של סקאלי - פורת יוסף","329","Outpost","1999","","234783","680367","32.216403","35.366319","Elon Moreh","Nablus","Shomron","","","","","","","","","","","","","","","","","","","","","","","","","","","",""
"Mor Farm","חוות מור","262","Outpost","1999","","197051","586579","31.37046","34.968229","Tene","Hebron","Har Hebron","","","","","","","","","","","","","","","","","","","","","","","","","","","",""
"Ma'aleh Shlomo","מעלה שלמה","285","Outpost","1999","","232792","650752","31.949352","35.344796","kochav Hashahar","Ramallah","Binyamin","","","","","","","","","","","","","","","","","","","","","","","","","","","",""
"Esh Kodesh","אש קודש","229","Outpost","2000","December 2000","231925","663549","32.064772","35.335783","Shvut Rachel","Ramallah","Binyamin","","","","","","","","","","","","","","","","","","","","","","","","","","","",""
"Emek Dotan Farm","מעוז צבי (חוות עמק דותן)","281","Outpost","2001","January 2001","215729","703380","32.424023","35.164113","Mevo Dotan","Jenin","Shomron","","","","","","","","","","","","","","","","","","","","","","","","","","","",""
"Mitzpe Ha'ai","מצפה העי","288","Outpost","2001","January 2001","221915","644785","31.895618","35.229731","Psagot","Ramallah","Binyamin","","","","","","","","","","","","","","","","","","","","","","","","","","","",""
"Tko'a B-C","תקוע ב-ג","318","Outpost","2001","January 2001","221992","616935","31.644457","35.230475","Tqoa","Bethlehem","Gush Etzion","","","","","","","","","","","","","","","","","","","","","","","","","","","",""
"Neve Erez","נווה ארז","297","Outpost","2001","February 2001","229546","641311","31.864246","35.310363","Maale Michmash","Ramallah","Binyamin","","","","","","","","","","","","","","","","","","","","","","","","","","","",""
"Derech Ha'avot","דרך האבות","250","Outpost","2001","March 2001","212894","619197","31.664842","35.13455","Elazar","Bethlehem","Gush Etzion","","","","","","","","","","","","","","","","","","","","","","","","","","","",""
"Yair Farm","חוות יאיר","261","Outpost","2001","April 2001","210163","672515","32.145652","35.105233","Yakir","Salfit","Shomron","","","","","","","","","","","","","","","","","","","","","","","","","","","",""
"Mitzpe Kramim","מצפה כרמים","292","Outpost","2001","May 2001","233913","651716","31.958034","35.356661","kochav Hashahar","Ramallah","Binyamin","","","","","","","","","","","","","","","","","","","","","","","","","","","",""
"Jabel Artis","ג'בל ע'רטיס","237","Outpost","2001","June 2001","221290","649766","31.940537","35.223137","Beit El","Ramallah","Beit El","","","","","","","","","","","","","","","","","","","","","","","","","","","",""
"Mul Nevo Beit Hogla","מול נבו בית חגלה","278","Outpost","2001","August 2001","248161","636527","31.820793","35.506933","Na'ama","Jericho","Jordan Valley","","","","","","","","","","","","","","","","","","","","","","","","","","","",""
"Avigayil","אביגיל","221","Outpost","2001","December 2001","213432","590109","31.402505","35.140399","Maon","Hebron","Har Hebron","","","","","","","","","","","","","","","","","","","","","","","","","","","",""
"Tkuma Hill 725","גבעת תקומה 725","238","Outpost","2001","December 2001","222730","673832","32.157564","35.238442","Yizhar","Nablus","Shomron","","","","","","","","","","","","","","","","","","","","","","","","","","","",""
"Susiya - The Rujm Neighborhood/Givat Hachlil","סוסיא צפון מערב - שכונת הרוג'ום/גבעת חכליל","303","Outpost","2001","December 2001","210457","589246","31.394702","35.109122","Susiya","Hebron","Har Hebron","","","","","","","","","","","","","","","","","","","","","","","","","","","",""
"Tzur Shalem","צור שלם","312","Outpost","2001","","209316","612644","31.605709","35.096885","Karmei Zur","Hebron","Gush Etzion","","","","","","","","","","","","","","","","","","","","","","","","","","","",""
"Beit El East","בית אל מזרח","231","Outpost","2001","","222098","650400","31.946258","35.23168","Beit El","Ramallah","Beit El","","","","","","","","","","","","","","","","","","","","","","","","","","","",""
"Heruti","חרותי","266","Outpost","2001","","217683","637795","31.832577","35.185006","Givat Zeev","Jerusalem","Binyamin","","","","","","","","","","","","","","","","","","","","","","","","","","","",""
"Maon Farm","חוות מעון","263","Outpost","2001","","215264","590806","31.408795","35.15966","Ma'on","Hebron","Har Hebron","","","","","","","","","","","","","","","","","","","","","","","","","","","",""
"Yeshuv Hada't","ישוב הדעת - הבית האדום","251","Outpost","2001","","232332","661404","32.045896","35.340477","Shilo","Ramallah","Binyamin","","","","","","","","","","","","","","","","","","","","","","","","","","","",""
"Shaked Farm","חוות שקד","331","Outpost","2002","","222889","674399","32.162677","35.240127","Yizhar","Nablus","Shomron","","","","","","","","","","","","","","","","","","","","","","","","","","","",""
"Kochav Ya'akov West","כוכב יעקב מערב","270","Outpost","2002","January 2002","222270","643419","31.883295","35.233486","Kochav Ya'akov","Jerusalem","Binyamin","","","","","","","","","","","","","","","","","","","","","","","","","","","",""
"Karmei Doron","כרמי דורון","272","Outpost","2002","January 2002","212350","688448","32.289348","35.128296","Enav","Tul Karem","Shomron","","","","","","","","","","","","","","","","","","","","","","","","","","","",""
"Ma'ale Rehav'am","מעלה רחבעם","284","Outpost","2002","January 2002","224557","617411","31.648737","35.257522","Kfar Eldad (Old Nokdim)","Bethlehem","Gush Etzion","","","","","","","","","","","","","","","","","","","","","","","","","","","",""
"Mitzpe Lachish","מצפה לכיש - גבעת הבוסטר","293","Outpost","2002","January 2002","197266","600526","31.496257","34.970185","Negohot","Hebron","Har Hebron","","","","","","","","","","","","","","","","","","","","","","","","","","","",""
"Granit Hill Alt. 468","גבעת גרניט נ.ג. 468","328","Outpost","2002","January 2002","229923","636361","31.819604","35.314288","Nofei Prat","Jerusalem","Binyamin","","","","","","","","","","","","","","","","","","","","","","","","","","","",""
"Asa'el","עשהאל","309","Outpost","2002","January 2002","204102","586932","31.373761","35.042343","Shimaa","Hebron","Har Hebron","","","","","","","","","","","","","","","","","","","","","","","","","","","",""
"Ramat Gilad","רמת גלעד","315","Outpost","2002","January 2002","210879","676257","32.179405","35.112789","Karnei Shomron","Qalqiliya","Karnei Shomron","","","","","","","","","","","","","","","","","","","","","","","","","","","",""
"Tko'a D","תקוע ד","319","Outpost","2002","January 2002","222713","616052","31.636487","35.238074","Tqoa","Bethlehem","Gush Etzion","","","","","","","","","","","","","","","","","","","","","","","","","","","",""
"Ancient Susiya Synagogue","ביהכנ""ס העתיק סוסיא","230","Outpost","2002","June 2002","209934","590567","31.406605","35.10361","Susiya","Hebron","Har Hebron","","","","","","","","","","","","","","","","","","","","","","","","","","","",""
"Bat Ayin West","בת עין מערב","236","Outpost","2002","June 2002","208867","618786","31.6611","35.092086","Bat Ayin","Bethlehem","Gush Etzion","","","","","","","","","","","","","","","","","","","","","","","","","","","",""
"Hakaron","הקרון","256","Outpost","2002","June 2002","226618","664088","32.069676","35.279588","Eli","Nablus","Binyamin","","","","","","","","","","","","","","","","","","","","","","","","","","","",""
"Haroeh","הרואה","258","Outpost","2002","June 2002","224946","662386","32.054337","35.261874","Eli","Nablus","Binyamin","","","","","","","","","","","","","","","","","","","","","","","","","","","",""
"Gilad Farm","חוות גלעד","260","Outpost","2002","June 2002","217237","678546","32.200076","35.180199","Kedumim","Qalqiliya","Shomron","","","","","","","","","","","","","","","","","","","","","","","","","","","",""
"Gal Outpost","מאחז גל","350","Outpost","2002","June 2002","212044","603504","31.523303","35.125701","Kiryat Arba","Hebron","Har Hebron","","","","","","","","","","","","","","","","","","","","","","","","","","","",""
"Sde Boaz","שדה בועז","298","Outpost","2002","June 2002","214058","622389","31.693627","35.146809","Neve Daniel","Bethlehem","Gush Etzion","","","","","","","","","","","","","","","","","","","","","","","","","","","",""
"Mizpe Yitzhar","מצפה יצהר","290","Outpost","2002","December 2002","223724","673666","32.156069","35.248983","Yizhar","Nablus","Shomron","","","","","","","","","","","","","","","","","","","","","","","","","","","",""
"Givat Assaf","גבעת אסף","244","Outpost","2002","","223569","646522","31.911278","35.247228","Beit El","Ramallah","Beit El","","","","","","","","","","","","","","","","","","","","","","","","","","","",""
"Kida","קידה","313","Outpost","2003","June 2003","232225","661720","32.048277","35.33894","Shvut Rachel","Ramallah","Binyamin","","","","","","","","","","","","","","","","","","","","","","","","","","","",""
"Kochav Ya'akov East","כוכב יעקב מזרח","269","Outpost","2003","December 2003","223966","642773","31.877467","35.251408","Kochav Ya'akov","Jerusalem","Binyamin","","","","","","","","","","","","","","","","","","","","","","","","","","","",""
"Mishpatei Aretz Inst.","מכון משפטי ארץ","279","Outpost","2004","January 2004","224021","649707","31.940002","35.25202","Ofra","Ramallah","Binyamin","","","","","","","","","","","","","","","","","","","","","","","","","","","",""
"Ofra North East","עפרה צפון מזרח","308","Outpost","2004","April 2004","225483","651689","31.957865","35.267496","Ofra","Ramallah","Binyamin","","","","","","","","","","","","","","","","","","","","","","","","","","","",""
"Bnei Adam","בני אדם","232","Outpost","2004","June 2004","228695","639051","31.843877","35.301353","Geva Binyamin (aka Adam)","Jerusalem","Binyamin","","","","","","","","","","","","","","","","","","","","","","","","","","","",""
"Omer Farm - Einot Kedem","חוות עומר - עינות קדם","264","Outpost","2005","June 2005","240656","648313","31.927241","35.427913","Yitav","Jericho","Jordan Valley","","","","","","","","","","","","","","","","","","","","","","","","","","","",""
"Maoz Ester","מעוז אסתר","336","Outpost","2008","","232701","652823","31.967354","35.344146","kochav Hashahar","Ramallah","Binyamin","","","","","","","","","","","","","","","","","","","","","","","","","","","",""
"Or HaOrot Hill 825","אור האורות גבעה 825","1210","Outpost","2008","","232558","674699","32.165843","35.342321","Itamar","Nablus","Shomron","","","","","","","","","","","","","","","","","","","","","","","","","","","",""
"Eretz Hamirdafim","ח'אן ארץ המרדפים","1070","Outpost","2012","","233844","636424","31.820129","35.355708","Kfar Adumim","Ramallah","Binyamin","","","","","","","","","","","","","","","","","","","","","","","","","","","",""
"Kashuela Farm","חוות קשואלה","1066","Farm Outpost","2012","","209756","620348","31.675193","35.101451","Gvaot","Bethlehem","Gush Etzion","","","","","","","","","","","","","","","","","","","","","","","","","","","",""
"Nahalat Yossef","נחלת יוסף","340","Outpost","2012","","233101","681391","32.225657","35.348488","Elon Moreh","Nablus","Shomron","","","","","","","","","","","","","","","","","","","","","","","","","","","",""
"Zufim North","צופים צפון","356","Outpost","2012","","201439","678851","32.202688","35.012652","Zufim","Qalqiliya","Shomron","","","","","","","","","","","","","","","","","","","","","","","","","","","",""
"Tene Yarok Farm","חוות טנא ירוק דידי עמוסי","1155","Farm Outpost","2012","","248746","693672","32.336535","35.515614","Rotem","","Jordan Valley","","","","","","","","","","","","","","","","","","","","","","","","","","","",""
"Itamar 573","איתמר 573","327","Farm Outpost","2013","","235468","672383","32.144388","35.373459","Itamar","Nablus","Shomron","","","","","","","","","","","","","","","","","","","","","","","","","","","",""
"Arugot Farm","חוות ערוגות - מעלה עמוס מערב","1064","Outpost","2013","","220607","611979","31.599757","35.215873","Maale Amos","Bethlehem","Gush Etzion","","","","","","","","","","","","","","","","","","","","","","","","","","","",""
"Mitzpe Yair Farm","שפת המדבר - חוות מצפה יאיר (נתי שבו)","1156","Farm Outpost","2013","","213232","588056","31.384419","35.139071","Mitzpe Yair","","Har Hebron","","","","","","","","","","","","","","","","","","","","","","","","","","","",""
"Hashkedim Farm","חוות השקדים אלון מורה","1117","Farm Outpost","2014","","231617","681293","32.224975","35.33318","Elon Moreh","Nablus","Shomron","","","","","","","","","","","","","","","","","","","","","","","","","","","",""
"Kumi Uri","קומי אורי","1172","Outpost","2014","","222518","673820","32.157813","35.236804","Yizhar","Nablus","","","","","","","","","","","","","","","","","","","","","","","","","","","","",""
"Oz Vegaon","עוז וגאון","1089","Outpost","2014","","212799","616610","31.641507","35.13356","Migdal Oz","Bethlehem","Gush Etzion","","","","","","","","","","","","","","","","","","","","","","","","","","","",""
"keidar South","קדר דרום - קדר הישנה","347","Outpost","2014","","228661","628166","31.746074","35.301578","Keidar","","Gush Etzion","","","","","","","","","","","","","","","","","","","","","","","","","","","",""
"Malachei HaShalom","מלאכי השלום","1072","Farm Outpost","2015","","234543","658993","32.023651","35.363438","Shilo","Ramallah","Binyamin","","","","","","","","","","","","","","","","","","","","","","","","","","","",""
"Mehula West - Neve Roim","שירת העשבים - נווה רועים","1068","Farm Outpost","2016","","247694","696824","32.36455","35.503758","Mehola","Tubas","Jordan Valley","","","","","","","","","","","","","","","","","","","","","","","","","","","",""
"Nof Gilad Farm - Um Zuka","אום זוקא, חוות נוף גלעד","1069","Farm Outpost","2016","","249161","688451","32.289011","35.51909","Hemdat","Tubas","Jordan Valley","","","","","","","","","","","","","","","","","","","","","","","","","","","",""
"Meged Shami'm","מגד שמים","1211","Outpost","2016","","223234","674751","32.166206","35.244525","Yizhar","Nablus","Shomron","","","","","","","","","","","","","","","","","","","","","","","","","","","",""
"Kedem Arava","קדם ערבה","1067","Outpost","2017","","247407","634953","31.806608","35.498923","Beit Ha'arava","Jericho","Megilot","","","","","","","","","","","","","","","","","","","","","","","","","","","",""
"Shabtay's Farm","החווה של שבתאי, חוות אברהם","1074","Farm Outpost","2017","","196911","586326","31.368181","34.966772","Tene","Hebron","Har Hebron","","","","","","","","","","","","","","","","","","","","","","","","","","","",""
"Neve Achi","נווה אח""י","1073","Outpost","2017","","212581","657338","32.008805","35.130973","Halamish","Ramallah","Binyamin","","","","","","","","","","","","","","","","","","","","","","","","","","","",""
"Homesh","חומש","333","Outpost","2017","","218255","690537","32.30769","35.192455","Shavei Shomron","Jenin","Shomron","","","","","","","","","","","","","","","","","","","","","","","","","","","",""
"Bentayim Farm","חוות בינתיים","1095","Farm Outpost","2018","","248129","691654","32.317917","35.50823","Maskiyot","Tubas","Jordan Valley","","","","","","","","","","","","","","","","","","","","","","","","","","","",""
"Yetedot Farm","חוות יתדות - חוות גלעד דרום","1097","Farm Outpost","2018","","217404","677497","32.190618","35.181981","Kedumim","Nablus","Shomron","","","","","","","","","","","","","","","","","","","","","","","","","","","",""
"Negohot Farm","חוות נגוהות","1091","Farm Outpost","2018","","197516","599984","31.491369","34.972828","Negohot","Hebron","Har Hebron","","","","","","","","","","","","","","","","","","","","","","","","","","","",""
"Aeira Shachar","אעירה שחר (הבאלדים)","1082","Outpost","2018","","234876","650934","31.951322","35.36764","kochav Hashahar","Ramallah","Binyamin","","","","","","","","","","","","","","","","","","","","","","","","","","","",""
"Midbar Hever Farm","חוות מדבר חבר (חוות יוסף אור פני חבר)","1076","Farm Outpost","2018","","215683","598538","31.478528","35.164042","Pnei Hever","Hebron","Har Hebron","","","","","","","","","","","","","","","","","","","","","","","","","","","",""
"Sde Efraim","חוות ראס כרכר (שדה אפרים)","1083","Farm Outpost","2018","","208834","649652","31.93946","35.091403","Dolev","Ramallah","Binyamin","","","","","","","","","","","","","","","","","","","","","","","","","","","",""
"Gadi Base","מחנה גדי","1093","Outpost","2018","","246114","670013","32.122814","35.486226","Masua","Jericho","Jordan Valley","","","","","","","","","","","","","","","","","","","","","","","","","","","",""
"Kida East","קידה מזרח - כחלית","1096","Farm Outpost","2018","","232825","662103","32.051717","35.345302","Amihai","Ramallah","Binyamin","","","","","","","","","","","","","","","","","","","","","","","","","","","",""
"Geulat Zion","גאולת ציון","353","Outpost","2018","","230655","661436","32.046158","35.323079","Shvut Rachel","","Binyamin","","","","","","","","","","","","","","","","","","","","","","","","","","","",""
"Adorayim","אדוריים","1132","Outpost","2019","","204150","599156","31.484008","35.042662","Beit Hagai","Hebron","Har Hebron","","","","","","","","","","","","","","","","","","","","","","","","","","","",""
"Adis Elem Farm","חוות אדיס אלם","1137","Farm Outpost","2019","","198838","638173","31.836244","34.986705","Mevo Horon","","Binyamin","","","","","","","","","","","","","","","","","","","","","","","","","","","",""
"Eretz Hatzvi Farm - Nachliel","חוות ארץ הצבי - נחליאל","1125","Farm Outpost","2019","","213202","653195","31.971451","35.137577","Nahliel","Ramallah","Binyamin","","","","","","","","","","","","","","","","","","","","","","","","","","","",""
"Meged Haaretz Farm","חוות מגד הארץ אבני חפץ","1124","Farm Outpost","2019","","206423","688807","32.292534","35.065373","Avne Hefez","Tul Karem","Shomron","","","","","","","","","","","","","","","","","","","","","","","","","","","",""
"Mitzpe Kramim East","מצפה כרמים מזרח","1111","Farm Outpost","2019","","234995","650858","31.950281","35.36809","kochav Hashahar","Ramallah","Binyamin","","","","","","","","","","","","","","","","","","","","","","","","","","","",""
"Tkoa E","תקוע ה - חוות ספר המדבר","1094","Farm Outpost","2019","","223491","615644","31.632811","35.246269","Tkoa","Bethlehem","Gush Etzion","","","","","","","","","","","","","","","","","","","","","","","","","","","",""
"El Nave Farm","חוות אל נווה","1114","Farm Outpost","2019","","210840","704877","32.43749","35.112117","Hermesh","Jenin","Shomron","","","","","","","","","","","","","","","","","","","","","","","","","","","",""
"Mitzpe Hatora (Lechathila Farm)","מצפה התורה (חוות לכתחילה)","1104","Farm Outpost","2019","","236809","636860","31.824016","35.387035","Mitzpe Jericho","Jericho","Binyamin","","","","","","","","","","","","","","","","","","","","","","","","","","","",""
"Rimonim North - Kol Dodi","רימונים צפון - קול דודי","1106","Farm Outpost","2019","","232531","650352","31.945755","35.342023","Rimonim","Ramallah","Binyamin","","","","","","","","","","","","","","","","","","","","","","","","","","","",""
"Nofei Prat South B 324 (HaAlmot Farm)","נופי פרת דרום גבעה 324 (חוות העלמות)","1101","Farm Outpost","2019","","230276","634799","31.805516","35.318004","Nofei Prat","Ramallah","Binyamin","","","","","","","","","","","","","","","","","","","","","","","","","","","",""
"Susiya East","סוסיא מזרח (גבעת חנן)","1102","Farm Outpost","2019","","211738","588753","31.390265","35.122596","Susiya","Hebron","Har Hebron","","","","","","","","","","","","","","","","","","","","","","","","","","","",""
"Maskiyot South","משכיות דרום חוות ארץ שמש","1107","Farm Outpost","2019","","246476","690229","32.305111","35.49063","Maskiyot","Tubas","Jordan Valley","","","","","","","","","","","","","","","","","","","","","","","","","","","",""
"Shuv-Ya Megenzi Farm","נילי מערב - חוות שוב-יה מגנזי","1108","Farm Outpost","2019","","215693","624382","31.711615","35.164046","Nili","Ramallah","Binyamin","","","","","","","","","","","","","","","","","","","","","","","","","","","",""
"Rimonim - Neriya's Farm","חוות רימונים של נריה בן פזי","1116","Farm Outpost","2019","","231861","648055","31.925048","35.334906","Rimonim","Ramallah","Binyamin","","","","","","","","","","","","","","","","","","","","","","","","","","","",""
"Halamish East - Yad Achi","יד אחי - חלמיש מזרח","1110","Farm Outpost","2019","","213928","657141","32.007038","35.145232","Halamish","Ramallah","Binyamin","","","","","","","","","","","","","","","","","","","","","","","","","","","",""
"Makhrour Outpsot","מאחז מחרור חוות נווה אורי","1109","Farm Outpost","2019","","203981","652012","31.960685","35.040041","Har Gilo","Bethlehem","Gush Etzion","","","","","","","","","","","","","","","","","","","","","","","","","","","",""
"Mitzpe Yehuda","מצפה יהודה (קידר מזרח) חוות צאן קדר","1112","Farm Outpost","2019","","230394","627069","31.735801","35.31916","Keidar","Jerusalem","Gush Etzion","","","","","","","","","","","","","","","","","","","","","","","","","","","",""
"Beit Shmuel - Koko's Farm","חוות מרום שמואל-קוקו; (בית דג'ן גבעה 666)","1126","Farm Outpost","2020","","237127","679110","32.205031","35.391165","Hamra","Nablus","Jordan Valley","","","","","","","","","","","","","","","","","","","","","","","","","","","",""
"Dorot Nahal Kana Farm","חוות דורות נחל קנה","1135","Farm Outpost","2020","","206068.64","671578.82","32.133274","35.060035","Maale Shomron","","Shomron","","","","","","","","","","","","","","","","","","","","","","","","","","","",""
"Pnei Kedem Farm","חוות פני קדם","1139","Farm Outpost","2020","","220035","609962","31.584741","35.200462","Pnei Kedem","","Gush Etzion","","","","","","","","","","","","","","","","","","","","","","","","","","","",""
"Amihai South","עמיחי דרום (שומרי העמק)","1115","Farm Outpost","2020","","230617","660787","32.039872","35.321908","Amihai","Ramallah","Binyamin","","","","","","","","","","","","","","","","","","","","","","","","","","","",""
"Rashash Farm","חוות רשאש","1131","Farm Outpost","2020","","238296","661040","32.042057","35.40321","Tomer","Ramallah","Jordan Valley","","","","","","","","","","","","","","","","","","","","","","","","","","","",""
"Um Zaituna","אום זיתונא (משק מן)","1122","Farm Outpost","2020","","216816","591658","31.416483","35.175978","Carmel","Hebron","Har Hebron","","","","","","","","","","","","","","","","","","","","","","","","","","","",""
"Nahal Shilo Farm","חוות נחל שילה (ליד גבעת הראל)","1130","Farm Outpost","2020","","226776","661608","32.047315","35.281241","Shilo","Ramallah","Binyamin","","","","","","","","","","","","","","","","","","","","","","","","","","","",""
"Moshe's Farm","החווה של משה חוות עמק תרצה","1128","Farm Outpost","2020","","239706","680049","32.213452","35.418535","Hamra","Nablus","Jordan Valley","","","","","","","","","","","","","","","","","","","","","","","","","","","",""
"New Micha Farm","החוה של מיכה חדשה - חוות גאון הירדן","1119","Farm Outpost","2020","","233733","654788","31.98574","35.354807","kochav Hashahar","Ramallah","Binyamin","","","","","","","","","","","","","","","","","","","","","","","","","","","",""
"Maale Ahuviya","מעלה אהוביה","1129","Farm Outpost","2020","","231552","650700","31.948902","35.331675","kochav Hashahar","Ramallah","Binyamin","","","","","","","","","","","","","","","","","","","","","","","","","","","",""
"Asfar South Nahalat Avot","אספר דרום נחלת אבות","1118","Farm Outpost","2020","","218454","609653","31.578785","35.19319","Asfar","Hebron","Gush Etzion","","","","","","","","","","","","","","","","","","","","","","","","","","","",""
"Eden Farm","חוות עדן","1142","Farm Outpost","2021","","213322.35","621688.477","32.137596","35.062453","Neve Daniel","","Gush Etzion","","","","","","","","","","","","","","","","","","","","","","","","","","","",""
"Meitarim Farm","חוות מיתרים","1133","Farm Outpost","2021","","200005","585778","31.363291","34.999298","Meitarim Industrial Area","Hebron","Har Hebron","","","","","","","","","","","","","","","","","","","","","","","","","","","",""
"Evyatar","אביתר","1136","Outpost","2021","","226117.34","669598.9693","32.119378","35.274324","Tapuach","","Shomron","","","","","","","","","","","","","","","","","","","","","","","","","","","",""
"Givat Hadegel Susiya","גבעת הדגל סוסיא","1145","Farm Outpost","2021","","209942","589210","31.394806","35.10448","Susiya","","Har Hebron","","","","","","","","","","","","","","","","","","","","","","","","","","","",""
"Mechora South - Yaya's Farm","מכורה דרום - החווה של יאיא","1159","Farm Outpost","2021","","238912","672126","32.142453","35.410722","Mechora","","Jordan Valley","","","","","","","","","","","","","","","","","","","","","","","","","","","",""
"Mevo'ot Jericho Farm","חוות מבואות יריחו","1143","Farm Outpost","2021","","239930","646325","31.90976","35.42096","Mevo'ot Yericho","","Jordan Valley","","","","","","","","","","","","","","","","","","","","","","","","","","","",""
"Zohar Farm","החווה של זהר","1160","Farm Outpost","2021","","236374.6","647150.1","31.917193","35.383379","Mevo'ot Yericho","","Jordan Valley","","","","","","","","","","","","","","","","","","","","","","","","","","","",""
"Ohavei Yah","אוהבי יה","1161","Outpost","2021","","208312","618442","31.658426","35.087008","Bat Ayin","","Gush Etzion","","","","","","","","","","","","","","","","","","","","","","","","","","","",""
"Avia Farm","חוות אבי""ה","1173","Farm Outpost","2021","","210656","706729","32.45463","35.11089","Rehan","","Shomron","","","","","","","","","","","","","","","","","","","","","","","","","","","",""
"The farm in Yizhar","החווה ביצהר","1212","Farm Outpost","2021","","223836.09","674304.17","32.162187","35.250855","Yizhar","Nablus","Shomron","","","","","","","","","","","","","","","","","","","","","","","","","","","",""
"Pnei Kedem North Farm","חוות פני קדם צפון","1144","Farm Outpost","2021","","220035","609962","31.600264","35.193271","Pnei Kedem","","Gush Etzion","","","","","","","","","","","","","","","","","","","","","","","","","","","",""
"Yehuda Farm 2","חוות יהודה","1141","Farm Outpost","2021","","200378.34","588402.477","31.386969","35.003173","Shimaa","","Har Hebron","","","","","","","","","","","","","","","","","","","","","","","","","","","",""
"Oz Zion","עוז ציון","1158","Outpost","2021","","223701","646141","31.908277","35.249386","Givat Assaf","","Binyamin","","","","","","","","","","","","","","","","","","","","","","","","","","","",""
"Ramat Migron","רמת מגרון","1157","Farm Outpost","2021","","225620","643730","31.88652","35.269659","Migron","","Binyamin","","","","","","","","","","","","","","","","","","","","","","","","","","","",""
"Ori Ad","אורי עד","1166","Outpost","2022","","215225","682123","32.232762","35.159607","Kedumim","Nablus","Kedumim","","","","","","","","","","","","","","","","","","","","","","","","","","","",""
"Shorashim Farm","חוות שורשים","1176","Farm Outpost","2022","","218401","593851","31.436574","35.193314","Carmel","Hebron","Har Hebron","","","","","","","","","","","","","","","","","","","","","","","","","","","",""
"Khasham Um Daraj","ח'שם אום דרג' מצפה מדרג","1174","Outpost","2022","","223581","594541","31.442854","35.247827","Carmel","Yatta","Glilot","","","","","","","","","","","","","","","","","","","","","","","","","","","",""
"Nahalat Zvi","נחלת צבי","1175","Outpost","2022","","228393","641970","31.870566","35.298885","Maale Michmash","Maale Michmash","Binyamin","","","","","","","","","","","","","","","","","","","","","","","","","","","",""
"Hagoshen South Farm","חוות הגושן דרום","1214","Farm Outpost","2022","","251138","681171","32.223787","35.540388","Hemdat","","Jordan Valley","","","","","","","","","","","","","","","","","","","","","","","","","","","",""
"Avihai Farm","חוות אביחי","1168","Farm Outpost","2023","","203198","661677","32.04677","35.032826","Beit Arie","Ramallah","Binyamin","","","","","","","","","","","","","","","","","","","","","","","","","","","",""
"Or Meir","אור מאיר","1180","Outpost","2023","","223804","649038","31.934321","35.250422","Ofra","Ramallah","Binyamin","","","","","","","","","","","","","","","","","","","","","","","","","","","",""
"Gitit south - Jackson's Farm","גיתית דרום - החווה של ג'קסון","1181","Farm Outpost","2023","","236801","666254","32.089417","35.388259","Gitit","","Jordan Valley","","","","","","","","","","","","","","","","","","","","","","","","","","","",""
"Seurim Farm - Emanuelle south","חוות שעורים - עמנואל דרום","1187","Farm Outpost","2023","","214103","673384","32.153904","35.147686","Emanuelle","","","","","","","","","","","","","","","","","","","","","","","","","","","","","",""
"Tekoa' F Harel Farm","חוות הראל - תקוע","1188","Farm Outpost","2023","","223771.64","615265.98","31.629806","35.249714","Tekoa'","Bethlehem","Gush Etzion","","","","","","","","","","","","","","","","","","","","","","","","","","","",""
"Nahal Machoch farm","חוות נחל מכוך","1189","Farm Outpost","2023","","231815","646080","31.90755","35.335187","Maa'le Michmash","","Binyamin","","","","","","","","","","","","","","","","","","","","","","","","","","","",""
"Neve Erez South-Yinon's Farm","נווה ארז דרום - משכנות הראל","1190","Farm Outpost","2023","","229951","640448","31.857166","35.315264","Neve Erez","","Binyamin","","","","","","","","","","","","","","","","","","","","","","","","","","","",""
"Mevo'ot Jericho West","מבואות יריחו מערב - נצח הראל","1192","Farm Outpost","2023","","235500.04","646224.26","31.908861","35.373813","Mevoo't Jericho","Jericho","Jordan Valley","","","","","","","","","","","","","","","","","","","","","","","","","","","",""
"Simhovitz Farm","חוות אמונה - שמחוביץ, חוות שדה הראל","1194","Farm Outpost","2023","","211767","587052","31.375273","35.123479","Mizpe Yair","Hebron","","","","","","","","","","","","","","","","","","","","","","","","","","","","",""
"Negohot North","נגוהות צפון - שכונת הכרם","1195","Outpost","2023","","198615.8","600948.3","31.500509","34.98511","Negohot","Hebron","Har Hebron","","","","","","","","","","","","","","","","","","","","","","","","","","","",""
"Elhai Farm","חוות אלחי - שבי שומרון","1216","Farm Outpost","2023","","214647.2","686670.4","32.27346","35.154199","Shave Shomron","Nablus","Shomron","","","","","","","","","","","","","","","","","","","","","","","","","","","",""
"Sde Yonatan","שדה יונתן","1196","Outpost","2023","","226470","643955","31.890726","35.282089","Ramat Migron","Ramallah","Gush Etzion","","","","","","","","","","","","","","","","","","","","","","","","","","","",""
"Givat Haktoret","גבעת הקטורת","1162","Farm Outpost","2023","","227275","663098","32.061097","35.287236","Eli","","Binyamin","","","","","","","","","","","","","","","","","","","","","","","","","","","",""
"Yahish Zion","יחיש ציון","1204","Outpost","2023","","221897","645288","31.888357","35.278539","Psagot","Ramallah","Binyamin","","","","","","","","","","","","","","","","","","","","","","","","","","","",""
"Daroma Farm - Avigail East","אביגיל מזרח - חוות דרומא","1197","Farm Outpost","2023","","213893.43","589460.22","31.397035","35.145968","Avigayil","Yatta","Har Hebron","","","","","","","","","","","","","","","","","","","","","","","","","","","",""
"Batir Mahrur - Heletz","בתיר מחרור - חלץ","1198","Farm Outpost","2023","","214600","624880","31.716425","35.153266","","Bethlehem","Gush Etzion","","","","","","","","","","","","","","","","","","","","","","","","","","","",""
"Nofei Elhanan","נופי אלחנן","1199","Outpost","2023","","212658","687546","32.281599","35.132213","Einav","Tul Karem","Shomron","","","","","","","","","","","","","","","","","","","","","","","","","","","",""
"Mizpe Yair South","מצפה יאיר דרום","1237","Outpost","2023","","212413","587252","31.377424","35.131271","Mizpe Yair","Yatta","Har Hebron","","","","","","","","","","","","","","","","","","","","","","","","","","","",""
"Asael north","עשהאל צפון","1200","Outpost","2023","","204435.4","587094.5","31.375642","35.046577","Asael","Hebron","Har Hebron","","","","","","","","","","","","","","","","","","","","","","","","","","","",""
"Masua West Farm","חוות משואה מערב - סרטבא","1217","Farm Outpost","2023","","245393","668812","32.11233","35.479293","Mesoa","Jericho","Jordan Valley","","","","","","","","","","","","","","","","","","","","","","","","","","","",""
"Mizpor Fazael - Maale Efrayim South East","מצפור פצאל - מעלה אפרים דרום מזרח","1193","Farm Outpost","2023","","239871","662517","32.055567","35.420584","Maale Efrayim","","","","","","","","","","","","","","","","","","","","","","","","","","","","","",""
"Mizpe Danny Farm","חוות מצפה דני/חוות רוח הארץ","1182","Farm Outpost","2023","","230637","643212","31.881408","35.321952","Maa'le Michmash","Ramallah","Binyamin","","","","","","","","","","","","","","","","","","","","","","","","","","","",""
"Susiya South","גבעת אלונים - סוסיא דרום","1183","Outpost","2023","","209518","588540","32.048097","35.032384","Susiya","Hebron","Har Hebron","","","","","","","","","","","","","","","","","","","","","","","","","","","",""
"Har Maon Farm","חוות הר מעון - נחלת דב - החווה של ישראל ונחמה","1271","Farm Outpost","2023","","215898","589944","31.401262","35.167055","Maon","Hebron","Har Hebron","","","","","","","","","","","","","","","","","","","","","","","","","","","",""
"Tov Haaretz (Old) Maon Farm","חוות טוב הארץ - מדבר מעון","1184","Farm Outpost","2023","","216140","589915","31.40122","35.168191","Maon","Hebron","Har Hebron","","","","","","","","","","","","","","","","","","","","","","","","","","","",""
"Shabo Family - Har Haela Farm","משפחת שבו בתוך 918 - הר האלה","1185","Farm Outpost","2023","","214620.9","588389.5","31.387047","35.153869","Mizpe Yair","Hebron","Har Hebron","","","","","","","","","","","","","","","","","","","","","","","","","","","",""
"Har Kanub North - Giva't Alufe Yehuda","הר כנוב צפון - גבעת אלופי יהודה - צור משגבי","1186","Farm Outpost","2023","","219005.87","612563.12","31.60541","35.199677","Pnei Kedem","Hebron","Gush Etzion","","","","","","","","","","","","","","","","","","","","","","","","","","","",""
"Rosh Te'ena Farm","חוות ראש תאנה","1219","Farm Outpost","2023","","235194","656750","32.003641","35.37095","Tomer","Jericho","","","","","","","","","","","","","","","","","","","","","","","","","","","","",""
"Ohana - Cnaan Farm Farm","אוחנה - חוות כנען חווה","1170","Farm Outpost","2023","","234792","636318","31.819521","35.366386","Kfar Adumim","Jericho","Jordan Valley","","","","","","","","","","","","","","","","","","","","","","","","","","","",""
"Bekaot South - Neria's farm","בקעות דרום - החווה של נריה - מבוא השמש","1171","Farm Outpost","2023","","242319.5","682470.9","32.235679","35.447058","Bekaot","","Jordan Valley","","","","","","","","","","","","","","","","","","","","","","","","","","","",""
"Bar Farm","חוות בר","1179","Farm Outpost","2023","","232429","664203","32.07099","35.341228","Esh Kodesh","Nablus","Binyamin","","","","","","","","","","","","","","","","","","","","","","","","","","","",""
"Gitit East - Dori's Farm","גיתית מזרח - נוף הרים","1224","Farm Outpost","2023","","238129","667877","32.104067","35.402588","Gitit","","Jordan Valley","","","","","","","","","","","","","","","","","","","","","","","","","","","",""
"Gal Yossef","גל יוסף","1201","Farm Outpost","2024","","234169","660351","32.265669","35.176477","","Ramallah","Binyamin","","","","","","","","","","","","","","","","","","","","","","","","","","","",""
"Kochav Hashahar West - Mizpe Lea","כוכב השחר מערב - מצפה לאה","1254","Outpost","2024","","232155","650779","31.949952","35.338681","Kochav Hashahar","Ramallah","Binyamin","","","","","","","","","","","","","","","","","","","","","","","","","","","",""
"Shaveh Shomron Farm","חוות שבי שומרון","1225","Farm Outpost","2024","","216847","685775","32.264924","35.174295","Shavei Shomron","Nablus","Shomron","","","","","","","","","","","","","","","","","","","","","","","","","","","",""
"Tekoa' F - Neighborhood","תקוע ו' - שכונה","1202","Outpost","2024","","223889","615449","31.631328","35.251291","Tekoa","Bethlehem","","","","","","","","","","","","","","","","","","","","","","","","","","","","",""
"Zohar Yehuda Farm","חוות זוהר יהודה - הר עזרור","1203","Farm Outpost","2024","","223920","614320","31.62125","35.251477","Tekoa","Bethlehem","","","","","","","","","","","","","","","","","","","","","","","","","","","","",""
"Malache Avraham Farm - Pnei Hever East","פני חבר מזרח - מלאכי אברהם - חוות מתניה","1205","Farm Outpost","2024","","216649","598910","31.482174","35.174954","Pnei Hever","Hebron","Har Hevron","","","","","","","","","","","","","","","","","","","","","","","","","","","",""
"Hoshen","חושן","1206","Outpost","2024","","223775","662504","32.055717","35.250294","Haroe","Ramallah","Binyamin","","","","","","","","","","","","","","","","","","","","","","","","","","","",""
"Beit Eliyahu","בית אליהו","1218","Outpost","2024","","245764","671800","32.13837","35.483437","Mesua","Jericho","Jordan Valley","","","","","","","","","","","","","","","","","","","","","","","","","","","",""
"Or Ahuvia -Maoz Ester B","אור אהוביה - מעוז אסתר ב'","1220","Outpost","2024","","225511","649370","31.93735","35.268453","Ofra","Ramallah","Binyamin","","","","","","","","","","","","","","","","","","","","","","","","","","","",""
"Noda' BeYehuda","נודע ביהודה","1255","Outpost","2024","","222733","611616","31.596699","35.238899","Maale Amos","Bethlehem","Gush Etzion","","","","","","","","","","","","","","","","","","","","","","","","","","","",""
"Adumim Farm","חוות אדומים","1298","Farm Outpost","2024","","230740","631315","31.774386","35.323703","Maale Adumim","Jericho","Maale Adumim","","","","","","","","","","","","","","","","","","","","","","","","","","","",""
"Khan Ushpizin","חאן האושפיזין","1207","Farm Outpost","2024","","223600","614900","31.625584","35.249828","Tekoa","Bethlehem","","","","","","","","","","","","","","","","","","","","","","","","","","","","",""
"Tzur Harel Farm","חוות צור הראל","1208","Farm Outpost","2024","","223170","645904","31.906197","35.243586","Beit El (Oz Zion)","Ramallah","Binyamin","","","","","","","","","","","","","","","","","","","","","","","","","","","",""
"Amona Farm","חוות עמונה - מצפה רועים","1221","Farm Outpost","2024","","226661.55","651259.135","31.954347","35.280664","Ofra","Ramallah","Binyamin","","","","","","","","","","","","","","","","","","","","","","","","","","","",""
"Pnei Kedem North - Derech HaShem","פני קדם צפון - דרך ה'","1232","Outpost","2024","","219319","611354.1","31.594397","35.203135","Pnei Kedem","Hebron","Gush Etzion","","","","","","","","","","","","","","","","","","","","","","","","","","","",""
"Tamir's Family Farm - Mevoo't Jericho East","שער המלך - מבואות יריחו מזרח","1226","Farm Outpost","2024","","240840","646575","31.911834","35.430421","Mevoo't Jericho","Jericho","Jordan Valley","","","","","","","","","","","","","","","","","","","","","","","","","","","",""
"Giva't Yavo Dodi","גבעת יבוא דודי","1227","Farm Outpost","2024","","213954","652660","31.967066","35.146318","Kerem Reim","Ramallah","Binyamin","","","","","","","","","","","","","","","","","","","","","","","","","","","",""
"Shlisha Farm","חוות שלישה - מערבית למחצבת כוכב השחר","1242","Farm Outpost","2024","","231793","656214","31.99679","35.332061","","Ramallah","Binyamin","","","","","","","","","","","","","","","","","","","","","","","","","","","",""
"Beer Elhanan","באר אלחנן - עתניאל","1222","Outpost","2024","","203577","594707","31.444279","35.037465","Otniel","Hebron","Har Hebron","","","","","","","","","","","","","","","","","","","","","","","","","","","",""
"Mizpe Moti","מצפה מוטי","1228","Outpost","2024","","210283","671989","31.9992","35.334876","Havat Yair","Salfit","Shomron","","","","","","","","","","","","","","","","","","","","","","","","","","","",""
"Gofna","גופנה","1233","Outpost","2024","","212137","653887","31.978042","35.126969","Nahliel","Ramallah","Binyamin","","","","","","","","","","","","","","","","","","","","","","","","","","","",""
"Maale Rehava'm South","מעלה רחבעם דרום","1257","Outpost","2024","","224698","616872","31.644488","35.258968","Maale Rehava'm","Bethlehem","Gush Ezion","","","","","","","","","","","","","","","","","","","","","","","","","","","",""
"Ofra South-East - Baruchi's Farm","עפרה דרום מזרח - חוות אורנים החווה של ברוכי","1229","Farm Outpost","2024","","226378","650059","31.943524","35.277642","Ofra","Ramallah","Binyamin","","","","","","","","","","","","","","","","","","","","","","","","","","","",""
"Or Nahman","אור נחמן","1272","Farm Outpost","2024","","231087.9","659473.7","32.028485","35.327453","","","","","","","","","","","","","","","","","","","","","","","","","","","","","","",""
"Hanina Farm","חוות חנינה","1238","Farm Outpost","2024","","228961","644638","31.894275","35.304636","Michmash","Ramallah","Binyamin","","","","","","","","","","","","","","","","","","","","","","","","","","","",""
"Midbar Hever Farm B","חוות נתן ברוך - מדבר חבר ב'","1240","Farm Outpost","2024","","216831","597618","31.470671","35.176819","Pnei Hever","Hebron","Gush Etzion","","","","","","","","","","","","","","","","","","","","","","","","","","","",""
"New Tzarda Farm","חוות צרדה החדשה","1230","Farm Outpost","2024","","206058","662365","32.054777","35.061805","Pduel","Salfit","Shomron","","","","","","","","","","","","","","","","","","","","","","","","","","","",""
"Mizpe Yair North","מצפה יאיר צפון - סימרי","1241","Farm Outpost","2024","","213474","588450","31.38774","35.141409","Mizpe Yair","Yatta","Har Hebron","","","","","","","","","","","","","","","","","","","","","","","","","","","",""
"Mizpe Michal Farm","חוות מצפה מיכל - תומר מערב","1234","Farm Outpost","2024","","240782","658689","32.020943","35.430839","Netiv Hagdud","Jericho","Jordan Valley","","","","","","","","","","","","","","","","","","","","","","","","","","","",""
"Eretz Kama Farm","חרמש דרום - חוות ארץ קמה","1243","Farm Outpost","2024","","211607","702437","32.416002","35.120818","Hermesh","Jenin","Shomron","","","","","","","","","","","","","","","","","","","","","","","","","","","",""
"Netiv Hagdud Farm","חוות נתיב הגדוד (החווה של שלמה)","1235","Farm Outpost","2024","","241239","654741","31.98576","35.435261","Mala'ache Hashalom","Ramallah","Binyamin","","","","","","","","","","","","","","","","","","","","","","","","","","","",""
"Khan al-Ahmar - Kfar Edomim South","חוות חאן אלאחמר - אחוות רעים","1259","Farm Outpost","2024","","231921","635314","31.810598","35.336017","Kfar Edumim","Jericho","Binyamin","","","","","","","","","","","","","","","","","","","","","","","","","","","",""
"Sde Shechem Farm","חוות שדה שכם - עוז יוסף","1244","Farm Outpost","2024","","229464","677131","32.187623","35.310446","Itamar","Nablus","Shomron","","","","","","","","","","","","","","","","","","","","","","","","","","","",""
"Umm Jamal - Maskiyot North","אום ג'מאל - חוות יחד לבבי","1258","Farm Outpost","2024","","246470","692990","32.33108","35.491103","","Ramallah","Binyamin","","","","","","","","","","","","","","","","","","","","","","","","","","","",""
"Magenzi B Farm","חוות מגנזי ב'","1245","Farm Outpost","2024","","202983","652012","31.961005","35.030366","Nili","Ramallah","Binyamin","","","","","","","","","","","","","","","","","","","","","","","","","","","",""
"Hesed Olam Farm","עופרים דרום - חוות חסד עולם","1246","Farm Outpost","2024","","203430","656768","32.003898","35.034664","Ofarim","Ramallah","Binyamin","","","","","","","","","","","","","","","","","","","","","","","","","","","",""
"Telem North - Uri","תלם צפון - שכונת אורי","1284","Outpost","2024","","203629","608792","31.571185","35.0377","Telem","Hebron","Har Hebron","","","","","","","","","","","","","","","","","","","","","","","","","","","",""
"The Places Farm","חוות הארמונות","1248","Farm Outpost","2024","","240743","641893","31.869505","35.429962","Mizpe Danny","Jericho","","","","","","","","","","","","","","","","","","","","","","","","","","","","",""
"Adora East","אדורה מזרח - מצפה ש""י","1249","Outpost","2024","","202510","606990","31.554901","35.02583","Adora","Hebron","Har Hebron","","","","","","","","","","","","","","","","","","","","","","","","","","","",""
"Palgei Mayim Farm","חוות פלגי מים","1285","Farm Outpost","2024","","225707","666525","32.091981","35.270676","Eli","Ramallah","Binyamin","","","","","","","","","","","","","","","","","","","","","","","","","","","",""
"Hauja - Yitav North Farm","חוות העוג'ה - ייטב צפון","1251","Farm Outpost","2024","","238933","650841","31.950411","35.410303","Yitav","Jericho","Jordan Valley","","","","","","","","","","","","","","","","","","","","","","","","","","","",""
"Mikne Avraham","מקנה אברהם","1252","Farm Outpost","2024","","223255","612220","31.602195","35.244686","Maale Amos","Bethlehem","Gush Etzion","","","","","","","","","","","","","","","","","","","","","","","","","","","",""
"Shovel Farm Ariel Industrial area","חוות שובאל - א.תעשיה אריאל","1262","Farm Outpost","2024","","212639","664922","32.077507","35.131439","Ariel","Salfit","Shomron","","","","","","","","","","","","","","","","","","","","","","","","","","","",""
"Talmonim North","טלמונים צפון","1263","Outpost","2024","","212576","650061","31.943401","35.130759","Talmonim","Ramallah","Binyamin","","","","","","","","","","","","","","","","","","","","","","","","","","","",""
"Tekoa H","תקוע ח'","1264","Outpost","2024","","223344","614589","31.623644","35.245428","Tekoa","Bethlehem","Gush Etzion","","","","","","","","","","","","","","","","","","","","","","","","","","","",""
"Giva't Tzon Binyamin","גבעת צאן בנימין - דרומית לאדם","1265","Farm Outpost","2024","","227533","638850","31.842501","35.289701","Adam - Geva Binyamin","Ramallah","Binyamin","","","","","","","","","","","","","","","","","","","","","","","","","","","",""
"Avia Farm - Mechora East","חוות אביה - מכורה מזרח","1266","Farm Outpost","2024","","241698","673941","32.15927","35.441197","Mechora","","Jordan Valley","","","","","","","","","","","","","","","","","","","","","","","","","","","",""
"Givat Hadagel B","גבעת הדגל ב'","1267","Farm Outpost","2024","","209807","589285","31.39551","35.102819","Susiya","Yatta","Har Hebron","","","","","","","","","","","","","","","","","","","","","","","","","","","",""
"Tekoa I","תקוע ט'","1268","Farm Outpost","2024","","224565","614292","31.620964","35.258285","Tekoa","Bethlehem","Gush Etzion","","","","","","","","","","","","","","","","","","","","","","","","","","","",""
"Tekoa J","תקוע י'","1269","Farm Outpost","2024","","226269","614943","31.626839","35.276215","Tekoa","Bethlehem","Gush Etzion","","","","","","","","","","","","","","","","","","","","","","","","","","","",""
"Maale Rehava'm East","מעלה רחבעם מזרח","1270","Farm Outpost","2024","","225720","616932","31.644779","35.27049","Maale Rehavam","Bethlehem","Gush Etzion","","","","","","","","","","","","","","","","","","","","","","","","","","","",""
"Bnayahu's Farm","החווה של בניהו","1306","Farm Outpost","2024","","228414","640390","31.856302","35.29912","Maale Mikhmash","Ramallah","Binyamin","","","","","","","","","","","","","","","","","","","","","","","","","","","",""
"Shvut Rachel North - Or Avraham","שבות רחל צפון - אור אברהם","1279","Outpost","2024","","230078","662877","32.059091","35.316968","Shvout Rahel","Ramallah","Binyamin","","","","","","","","","","","","","","","","","","","","","","","","","","","",""
"Otniel farm Farm","חוות עתניאל - אפקה","1273","Farm Outpost","2024","","203599","597375","31.468163","35.037925","Adoraim","Hebron","Har Hebron","","","","","","","","","","","","","","","","","","","","","","","","","","","",""
"Pne Hever West","פני חבר מערב - מצפה זיו","1274","Outpost","2024","","213718","599104","31.484244","35.144231","Pne Hever","Hebron","Har Hebron","","","","","","","","","","","","","","","","","","","","","","","","","","","",""
"Amiel Farm - Bardale","החווה של עמיאל - ברדלה","1286","Farm Outpost","2024","","244424","699679","32.390706","35.469611","Mehula","","Jordan Valley","","","","","","","","","","","","","","","","","","","","","","","","","","","",""
"Mizpe Malkiya Farm","חוות מצפה מלכיה","1278","Farm Outpost","2024","","213546","588291","31.386533","35.142273","Mizpe Yair","Yatta","Har Hebron","","","","","","","","","","","","","","","","","","","","","","","","","","","",""
"Yad Hashomer","החווה של יהוראי מגורי - יד השומר","1281","Farm Outpost","2024","","223234","654642","31.98492","35.244416","Ofra","Ramallah","Binyamin","","","","","","","","","","","","","","","","","","","","","","","","","","","",""
"Beit Hagai South","בית חגי דרום","1256","Outpost","2024","","207760","599555","31.488482","35.081433","Beit Hagai","Hebron","Har Hebron","","","","","","","","","","","","","","","","","","","","","","","","","","","",""
"New Mikne Avraham Farm","חוות מקנה יהודה החדשה - עשהאל דרום - גבעת שמורת השיט","1215","Farm Outpost","2024","","203585","585458","31.360834","35.037925","Asael","Yatta","Har Hebron","","","","","","","","","","","","","","","","","","","","","","","","","","","",""
"Maale Efraim North - Priel Farm","מעלה אפרים צפון - החווה של פריאל","1352","Farm Outpost","2024","","239519","665016","32.078254","35.416964","Maale Efraim","","","","","","","","","","","","","","","","","","","","","","","","","","","","","",""
"Giva't Haslai'm","גבעת הסלעים - חוות עטרת צפון","1280","Outpost","2025","","216210","657972","32.014663","35.170877","Ateret","Ramallah","Binyamin","","","","","","","","","","","","","","","","","","","","","","","","","","","",""
"Nahal Heletz - Bar Kochva","בר כוכבא - נחל חלץ","1275","Outpost","2025","","214534","624702","31.714881","35.151994","","Bethlehem","Gush Ezion","","","","","","","","","","","","","","","","","","","","","","","","","","","",""
"Givat Oz Yair - Ofra South - Tripi quarry","עפרה דרום - טריפי מזרח - גבעת עוז יאיר","1307","Outpost","2025","","225899.1","648290","31.927138","35.277357","Ofra","Ramallah","Binyamin","","","","","","","","","","","","","","","","","","","","","","","","","","","",""
"Neve Daniel West","נווה דניאל מערב","1283","Outpost","2025","","212857","620624","31.67791","35.134873","Neve Daniel","Bethlehem","Gush Ezion","","","","","","","","","","","","","","","","","","","","","","","","","","","",""
"Adam North","אדם צפון - גבעת גור אריה","1282","Outpost","2025","","226198","640414","31.856772","35.275841","Adam - Geva Binyamin","Ramallah","Binyamin","","","","","","","","","","","","","","","","","","","","","","","","","","","",""
"Taysir Chechpoint Farm","מחסום תאייסיר - צבי עופרים","1338","Outpost","2025","","241468","692825","32.32902","35.438314","","Nablus","Jordan Valley","","","","","","","","","","","","","","","","","","","","","","","","","","","",""
"Nahliel South","נחליאל דרום","1308","Outpost","2025","","212818","653198","31.971843","35.134184","Nahliel","Ramallah","Binyamin","","","","","","","","","","","","","","","","","","","","","","","","","","","",""
"Zafnat farm - Kfar Tapuah North","כפר תפוח צפון - חוות צפנת","1288","Farm Outpost","2025","","224048","670607","32.12894","35.253632","Kfar Tapuach","Nablus","Shomron","","","","","","","","","","","","","","","","","","","","","","","","","","","",""
"Aviad - Kiryat Arba South","אביעד - קרית ארבע דרום","1289","Outpost","2025","","212442","600353","31.495275","35.130648","Kiryat Arba","Hebron","Kiryat Arba","","","","","","","","","","","","","","","","","","","","","","","","","","","",""
"Aviad Farm - Mizpe Jericho West Farm","חוות אביעד - מצפה יריחו מערב - מעלה אדומים דרום","1290","Farm Outpost","2025","","235756","635459","31.811812","35.376581","Mizpe Yericho","Jericho","Binyamin","","","","","","","","","","","","","","","","","","","","","","","","","","","",""
"Givat Yahaloma","גבעת יהלומה - אביתר מערב","1291","Farm Outpost - Yeshiva","2025","","225226","669789","32.121389","35.265566","Avyatar?","Nablus","Shomron","","","","","","","","","","","","","","","","","","","","","","","","","","","",""
"HaMaayan - Alon Shvut West","המעיין - אלון שבות מערב","1292","Outpost","2025","","212848","617646","31.651283","35.134687","Alon Shvut","Bethlehem","Gush Ezion","","","","","","","","","","","","","","","","","","","","","","","","","","","",""
"Ein Prat Farm","חוות עין פרת -ש""ש","1300","Farm Outpost","2025","","235009","636844","31.82429","35.368733","Kfar Adomim","Jericho","Binyamin","","","","","","","","","","","","","","","","","","","","","","","","","","","",""
"Tzur Yehuda Farm","חוות צור יהודה","1296","Farm Outpost","2025","","210176","612715","31.606753","35.10657","Karme Tzur","Hebron","Gush Ezion","","","","","","","","","","","","","","","","","","","","","","","","","","","",""
"Naale West Farm","חוות נעלה מערב","1293","Farm Outpost","2025","","205761","652884","31.96903","35.059629","Naale","Ramallah","Binyamin","","","","","","","","","","","","","","","","","","","","","","","","","","","",""
"Eshkolot Farm","חוות אשכולות","1301","Farm Outpost","2025","","192006","592257","31.422004","34.914775","Eshkolot?","Hebron","Har Hebron","","","","","","","","","","","","","","","","","","","","","","","","","","","",""
"Efrat farm","חוות אפרת","1386","Farm Outpost","2025","","218061","621192","31.683439","35.189511","Efrat","Bethlehem","Gush Ezion","","","","","","","","","","","","","","","","","","","","","","","","","","","",""
"Nahalat Efraim Farm","חוות נחלת אפרים - עין סמיה","1309","Farm Outpost","2025","","232210","654928","31.987267","35.339354","","Ramallah","Binyamin","","","","","","","","","","","","","","","","","","","","","","","","","","","",""
"Tkoa South - Tomer's Farm","החווה של תומר - תקוע דרום","1310","Farm Outpost","2025","","223495","613460","31.613127","35.247258","Tkoa","Bethlehem","Gush Ezion","","","","","","","","","","","","","","","","","","","","","","","","","","","",""
"Zarzir Farm","מוצב זרזיר - חוות שער ישראל","1357","Farm Outpost","2025","","251950","672776","32.148003","35.548196","Argaman","Jericho","Jordan Valley","","","","","","","","","","","","","","","","","","","","","","","","","","","",""
"Asfar West","אספר מערב","1294","Outpost","2025","","217478","610764","31.588618","35.183831","Asfar","Bethlehem","Gush Ezion","","","","","","","","","","","","","","","","","","","","","","","","","","","",""
"New Nof Avi Farm","מגדלים צפון - נוף אב""י החדשה","1311","Farm Outpost","2025","","233511","666808","32.094297","35.352555","Migdalim","Nablus","Shomron","","","","","","","","","","","","","","","","","","","","","","","","","","","",""
"Maoz Shaul Farm","חוות מעוז שאול -אבני חפץ דרום","1295","Farm Outpost","2025","","207483","686432","32.271913","35.077544","Avne Hefetz","Nablus","Shomron","","","","","","","","","","","","","","","","","","","","","","","","","","","",""
"Maa'lot Halhul","מעלות חלחול - מרום יהודה","1302","Farm Outpost","2025","","211398","610667","31.588052","35.120209","Karme Tzur","Hebron","Gush Ezion","","","","","","","","","","","","","","","","","","","","","","","","","","","",""
"Mevo Har-El - Atarot Adar","מבוא הר-אל - עטרות אדר","1303","Farm Outpost","2025","","209785","642439","31.875511","35.103164","Beit Horon","Ramallah","Binyamin","","","","","","","","","","","","","","","","","","","","","","","","","","","",""
"Mezudat David Farm","חוות מצודת דוד - מלאכי השלום מערב","1312","Farm Outpost","2025","","233781","658312","32.017767","35.355921","","Ramallah","Binyamin","","","","","","","","","","","","","","","","","","","","","","","","","","","",""
"Michtam LeDavid farm","חוות מכתם לדוד","1351","Farm Outpost","2025","","233824","664112","32.071062","35.35621","","Ramallah","Binyamin","","","","","","","","","","","","","","","","","","","","","","","","","","","",""
"Beit Horon North","בית חורון צפון - חוות בית קרניים","1304","Farm Outpost","2025","","211930","644993","31.897732","35.125803","Beit Horon","Ramallah","Binyamin","","","","","","","","","","","","","","","","","","","","","","","","","","","",""
"The Seven Sheferds Farm","חוות שבעת הרועים - תצפית גוש שילה","1305","Farm Outpost","2025","","225676","661747","32.048952","35.270349","","Ramallah","Binyamin","","","","","","","","","","","","","","","","","","","","","","","","","","","",""
"Hanekuda Baemek - Emek Shiloh Farm","חוות עמק שילה - הנקודה בעמק - רכס","1313","Farm Outpost","2025","","228586","660653","32.039177","35.301245","Shiloh","Ramallah","Binyamin","","","","","","","","","","","","","","","","","","","","","","","","","","","",""
"Baal Hatzor Farm","חוות בעל חצור - הר המלך","1350","Farm Outpost","2025","","230896","652553","31.965984","35.325221","Kochav Hashahar","Ramallah","Binyamin","","","","","","","","","","","","","","","","","","","","","","","","","","","",""
"Nofei Gideon","נופי גדעון - קדומים","1314","Outpost","2025","","214186","682415","32.235294","35.148494","Kedumim","Nablus","Shomron","","","","","","","","","","","","","","","","","","","","","","","","","","","",""
"Givat Gefen Ami","גבעת גפן עמי","1316","Farm Outpost","2025","","211427","613131","31.610846","35.119494","Karme Tzur","Hebron","Gush Ezion","","","","","","","","","","","","","","","","","","","","","","","","","","","",""
"Amihai Farm - Bar Daliya","חוות בקר עמיחי - בר דליה","1377","Farm Outpost","2025","","246140","697939","32.375231","35.488488","Mehola","Tubas","Jordan Valley","","","","","","","","","","","","","","","","","","","","","","","","","","","",""
"Hesed Leavraham Farm","הר חצור - חוות חסד לאברהם","1369","Farm outpost","2025","","227342","653483","31.973898","35.287102","Ofra","Ramallah","Binyamin","","","","","","","","","","","","","","","","","","","","","","","","","","","",""
"Ahi-Ad Farm","חוות אחי עד","1317","Farm Outpost","2025","","235832","636373","31.820043","35.377498","Mizpe Yericho","Jericho","Binyamin","","","","","","","","","","","","","","","","","","","","","","","","","","","",""
"Magen Avraham Farm","אייבי נחל צפון - חוות מגן אברהם","1337","Farm Outpost","2025","","220039","614016","31.618447","35.210388","Evie Nahal","Bethlehem","Gush Ezion","","","","","","","","","","","","","","","","","","","","","","","","","","","",""
"Maale Tidhar","מעלה תדהר","1319","Farm Outpost","2025","","217741","613123","31.610283","35.186363","Asfar","Hebron","Gush Ezion","","","","","","","","","","","","","","","","","","","","","","","","","","","",""
"Givat Emuna","גבעת אמונה - אלוף יהודה מערב","1320","Farm Outpost","2025","","218137","612621","31.605612","35.190518","Asfar","Hebron","Gush Ezion","","","","","","","","","","","","","","","","","","","","","","","","","","","",""
"Karme Tzur South","כרמי צור דרום","1321","Outpost","2025","","209421","612524","31.604908","35.098618","Karme Tzur","Hebron","Gush Ezion","","","","","","","","","","","","","","","","","","","","","","","","","","","",""
"Nahliel North","נחליאל צפון","1322","Farm Outpost","2025","","213849","654316","31.981918","35.145635","Nahliel","Ramallah","Binyamin","","","","","","","","","","","","","","","","","","","","","","","","","","","",""
"Mikne Yehuda Farm","עשהאל מערב","1324","Outpost","2025","","203543","586961","31.374018","35.03647","Susiya","Hebron","Har Hebron","","","","","","","","","","","","","","","","","","","","","","","","","","","",""
"Kela' David Farm - Halamish West","חוות קלע דוד - חלמיש מערב","1325","Farm Outpost","2025","","209799","656834","32.004519","35.10121","Halamish","Ramallah","Binyamin","","","","","","","","","","","","","","","","","","","","","","","","","","","",""
"Netzah David Farm","חוות נצח דוד","1326","Farm Outpost","2025","","230131","669302","32.116497","35.317755","Migdalim","Nablus","Shomron","","","","","","","","","","","","","","","","","","","","","","","","","","","",""
"Beit Ulla Farm","חוות בית אורות? - בית אולא","1349","Farm Outpost","2025","","199063","614644","31.623916","34.989495","","Tarkumiya","Gush Ezion","","","","","","","","","","","","","","","","","","","","","","","","","","","",""
"Telem West - Nofei Yehuda Farm","תלם מערב - חוות נופי יהודה","1327","Farm Outpost","2025","","201940","608292","31.566362","35.019493","Telem","Hebron","Har Hebron","","","","","","","","","","","","","","","","","","","","","","","","","","","",""
"Evyatar East","אביתר מזרח","1333","Outpost","2025","","226317","669620","32.120028","35.277174","Evyatar","Nablus","Shomron","","","","","","","","","","","","","","","","","","","","","","","","","","","",""
"Adora West","אדורה מערב","1328","Outpost","2025","","200686","606553","31.55074","35.006277","Adora","Hebron","Har Hebron","","","","","","","","","","","","","","","","","","","","","","","","","","","",""
"Hashalom Farm","חוות השלום","1329","Farm outpost","2025","","208491","651397","31.955548","35.088009","Naale","Ramallah","Binyamin","","","","","","","","","","","","","","","","","","","","","","","","","","","",""
"Ibei Nahal South","אייבי נחל דרום","1330","Outpost","2025","","221060","611725","31.597887","35.221341","Maale Amos","Bethlehem","Gush Ezion","","","","","","","","","","","","","","","","","","","","","","","","","","","",""
"Old Keidar East","קדר הישנה מזרח","1331","Outpost","2025","","228755","628049","31.744945","35.302679","Old Keidar","Bethlehem","Gush Ezion","","","","","","","","","","","","","","","","","","","","","","","","","","","",""
"Mizpe Kramim North","מצפה כרמים צפון","1332","Outpost","2025","","233949","652031","31.961336","35.35813","Mizpe Kramim","Ramallah","Binyamin","","","","","","","","","","","","","","","","","","","","","","","","","","","",""
"Anaki's Farm","חוות ענקי","1387","Farm outpost","2025","","232153","634833","31.80625","35.338375","Maale Adumim","Jericho","Binyamin","","","","","","","","","","","","","","","","","","","","","","","","","","","",""
"Migdal David Farm","חוות מגדל דוד","1334","Farm outpost","2025","","233636","664816","32.075493","35.354699","Migdalim","Nablus","Shomron","","","","","","","","","","","","","","","","","","","","","","","","","","","",""
"Gibore David Farm - Duma East","חוות גיבורי דוד - דומא מזרח","1335","Farm outpost","2025","","235762","663650","32.066052","35.377142","","Nablus","Binyamin","","","","","","","","","","","","","","","","","","","","","","","","","","","",""
"Mizpe Eyal - Pne Haver West","מצפה אייל - פני חבר מערב","1336","Outpost","2025","","215053","599561","31.488084","35.158125","Pne Hever","Hebron","Har Hebron","","","","","","","","","","","","","","","","","","","","","","","","","","","",""
"Malache Hashalom West","מלאכי השלום מערב","1339","Outpost","2025","","234195","658764","32.022045","35.360338","Malache Hashalom","Ramallah","Binyamin","","","","","","","","","","","","","","","","","","","","","","","","","","","",""
"Kahlit North","כחלית צפון","1340","Outpost","2025","","232752","662300","32.05386","35.345246","Kida","Ramallah","Binyamin","","","","","","","","","","","","","","","","","","","","","","","","","","","",""
"Migron North","מגרון צפון","1343","Outpost","2025","","226057","643966","31.888557","35.274083","Ramat Migron","Ramallah","Binyamin","","","","","","","","","","","","","","","","","","","","","","","","","","","",""
"Kfar Trifon","כפר טרפון","1344","Farm Outpost","2025","","220176","655865","31.995529","35.212266","","Ramallah","Binyamin","","","","","","","","","","","","","","","","","","","","","","","","","","","",""
"Nahalat Ben Yishai","נחלת בן ישי","1347","Farm Outpost","2025","","227828","636185","31.81837","35.293127","Talmon","Ramallah","Binyamin","","","","","","","","","","","","","","","","","","","","","","","","","","","",""
"Shani North","שני צפון - חוות ענים","1341","Farm outpost","2025","","207821","585849","31.364315","35.082092","Shani","Yatta","Har Hebron","","","","","","","","","","","","","","","","","","","","","","","","","","","",""
"Yetedot Farm South","חוות יתדות דרום - גבעת אור ידידיה","1342","Farm outpost","2025","","217121","677116","32.187506","35.179749","Havat Gilad","Nablus","Shomron","","","","","","","","","","","","","","","","","","","","","","","","","","","",""
"Givat Mevaser Shalom","גבעת מבשר השלום","1345","Farm Outpost","2025","","227530","669697","32.120614","35.290103","","Nablus","Shomron","","","","","","","","","","","","","","","","","","","","","","","","","","","",""
"Revava North","רבבה צפון","1388","Farm Outpost","2025","","211234","670844","32.131034","35.11701","Revava","Salfit","Shomron","","","","","","","","","","","","","","","","","","","","","","","","","","","",""
"Rujum a-Naga","רוג'ם א-נאקה","1365","Farm outpost","2025","","229857","602068","31.510755","35.31404","","Bethlehem","Megilot/Gusg Etzion","","","","","","","","","","","","","","","","","","","","","","","","","","","",""
"Givat Herout","גבעת חרות","1353","Outpost","2025","","212894","652997","31.970091","35.134914","Nahliel","Ramallah","Binyamin","","","","","","","","","","","","","","","","","","","","","","","","","","","",""
"Rimonim West","חוות סלע רימון","1366","Farm outpost","2025","","230241","649389","31.937504","35.318787","Rimonim","Ramallah","Binyamin","","","","","","","","","","","","","","","","","","","","","","","","","","","",""
"Nof Mishkan Farm","חוות נוף המשכן","1389","Farm Outpost","2025","","228369","662804.2","32.058425","35.298817","Shiloh","Ramallah","Binyamin","","","","","","","","","","","","","","","","","","","","","","","","","","","",""
"Meitr LaAretz Farm","חוות מאיר לארץ","1380","Farm Outpost","2025","","206201","657201.71","32.008023","35.064342","Neve Tzuf","Ramallah","Binyamin","","","","","","","","","","","","","","","","","","","","","","","","","","","",""
"Narhiva","נרחיבה","1346","Outpost","2025","","211578","670319","32.126285","35.120873","Revava","Salfit","Shomron","","","","","","","","","","","","","","","","","","","","","","","","","","","",""
